"games","gold","silver","bronze","event","gender"
"1896 Athensdetails","Thomas Burke United States","Fritz Hofmann Germany","Francis Lane United States","100 metres","men"
"Alajos Szokolyi Hungary",NA,NA,NA,"100 metres","men"
"1900 Parisdetails","Frank Jarvis United States","Walter Tewksbury United States","Stan Rowley Australia","100 metres","men"
"1904 St. Louisdetails","Archie Hahn United States","Nathaniel Cartmell United States","William Hogenson United States","100 metres","men"
"1908 Londondetails","Reggie Walker South Africa","James Rector United States","Robert Kerr Canada","100 metres","men"
"1912 Stockholmdetails","Ralph Craig United States","Alvah Meyer United States","Donald Lippincott United States","100 metres","men"
"1920 Antwerpdetails","Charley Paddock United States","Morris Kirksey United States","Harry Edward Great Britain","100 metres","men"
"1924 Parisdetails","Harold Abrahams Great Britain","Jackson Scholz United States","Arthur Porritt, Baron Porritt New Zealand","100 metres","men"
"1928 Amsterdamdetails","Percy Williams Canada","Jack London Great Britain","Georg Lammers Germany","100 metres","men"
"1932 Los Angelesdetails","Eddie Tolan United States","Ralph Metcalfe United States","Arthur Jonath Germany","100 metres","men"
"1936 Berlindetails","Jesse Owens United States","Ralph Metcalfe United States","Tinus Osendarp Netherlands","100 metres","men"
"1948 Londondetails","Harrison Dillard United States","Barney Ewell United States","Lloyd LaBeach Panama","100 metres","men"
"1952 Helsinkidetails","Lindy Remigino United States","Herb McKenley Jamaica","McDonald Bailey Great Britain","100 metres","men"
"1956 Melbournedetails","Bobby Morrow United States","Thane Baker United States","Hector Hogan Australia","100 metres","men"
"1960 Romedetails","Armin Hary United Team of Germany","Dave Sime United States","Peter Radford Great Britain","100 metres","men"
"1964 Tokyodetails","Bob Hayes United States","Enrique Figueroa Cuba","Harry Jerome Canada","100 metres","men"
"1968 Mexico Citydetails","Jim Hines United States","Lennox Miller Jamaica","Charles Greene United States","100 metres","men"
"1972 Munichdetails","Valeriy Borzov Soviet Union","Robert Taylor United States","Lennox Miller Jamaica","100 metres","men"
"1976 Montrealdetails","Hasely Crawford Trinidad and Tobago","Don Quarrie Jamaica","Valeriy Borzov Soviet Union","100 metres","men"
"1980 Moscowdetails","Allan Wells Great Britain","Silvio Leonard Cuba","Petar Petrov Bulgaria","100 metres","men"
"1984 Los Angelesdetails","Carl Lewis United States","Sam Graddy United States","Ben Johnson Canada","100 metres","men"
"1988 Seouldetails","Carl Lewis United States","Linford Christie Great Britain","Calvin Smith United States","100 metres","men"
"1992 Barcelonadetails","Linford Christie Great Britain","Frankie Fredericks Namibia","Dennis Mitchell United States","100 metres","men"
"1996 Atlantadetails","Donovan Bailey Canada","Frankie Fredericks Namibia","Ato Boldon Trinidad and Tobago","100 metres","men"
"2000 Sydneydetails","Maurice Greene United States","Ato Boldon Trinidad and Tobago","Obadele Thompson Barbados","100 metres","men"
"2004 Athensdetails","Justin Gatlin United States","Francis Obikwelu Portugal","Maurice Greene United States","100 metres","men"
"2008 Beijingdetails","Usain Bolt Jamaica","Richard Thompson Trinidad and Tobago","Walter Dix United States","100 metres","men"
"2012 Londondetails","Usain Bolt Jamaica","Yohan Blake Jamaica","Justin Gatlin United States","100 metres","men"
"2016 Riodetails","Usain Bolt Jamaica","Justin Gatlin United States","Andre De Grasse Canada","100 metres","men"
"1900 Parisdetails","Walter Tewksbury United States","Norman Pritchard India","Stan Rowley Australia","200 metres","men"
"1904 St. Louisdetails","Archie Hahn United States","Nate Cartmell United States","William Hogenson United States","200 metres","men"
"1908 Londondetails","Robert Kerr Canada","Robert Cloughen United States","Nate Cartmell United States","200 metres","men"
"1912 Stockholmdetails","Ralph Craig United States","Donald Lippincott United States","Willie Applegarth Great Britain","200 metres","men"
"1920 Antwerpdetails","Allen Woodring United States","Charley Paddock United States","Harry Edward Great Britain","200 metres","men"
"1924 Parisdetails","Jackson Scholz United States","Charley Paddock United States","Eric Liddell Great Britain","200 metres","men"
"1928 Amsterdamdetails","Percy Williams Canada","Walter Rangeley Great Britain","Helmut Körnig Germany","200 metres","men"
"1932 Los Angelesdetails","Eddie Tolan United States","George Simpson United States","Ralph Metcalfe United States","200 metres","men"
"1936 Berlindetails","Jesse Owens United States","Mack Robinson United States","Tinus Osendarp Netherlands","200 metres","men"
"1948 Londondetails","Mel Patton United States","Barney Ewell United States","Lloyd LaBeach Panama","200 metres","men"
"1952 Helsinkidetails","Andy Stanfield United States","Thane Baker United States","James Gathers United States","200 metres","men"
"1956 Melbournedetails","Bobby Morrow United States","Andy Stanfield United States","Thane Baker United States","200 metres","men"
"1960 Romedetails","Livio Berruti Italy","Lester Carney United States","Abdoulaye Seye France","200 metres","men"
"1964 Tokyodetails","Henry Carr United States","Paul Drayton United States","Edwin Roberts Trinidad and Tobago","200 metres","men"
"1968 Mexico Citydetails","Tommie Smith United States","Peter Norman Australia","John Carlos United States","200 metres","men"
"1972 Munichdetails","Valeriy Borzov Soviet Union","Larry Black United States","Pietro Mennea Italy","200 metres","men"
"1976 Montrealdetails","Don Quarrie Jamaica","Millard Hampton United States","Dwayne Evans United States","200 metres","men"
"1980 Moscowdetails","Pietro Mennea Italy","Allan Wells Great Britain","Don Quarrie Jamaica","200 metres","men"
"1984 Los Angelesdetails","Carl Lewis United States","Kirk Baptiste United States","Thomas Jefferson United States","200 metres","men"
"1988 Seouldetails","Joe DeLoach United States","Carl Lewis United States","Robson da Silva Brazil","200 metres","men"
"1992 Barcelonadetails","Michael Marsh United States","Frankie Fredericks Namibia","Michael Bates United States","200 metres","men"
"1996 Atlantadetails","Michael Johnson United States","Frankie Fredericks Namibia","Ato Boldon Trinidad and Tobago","200 metres","men"
"2000 Sydneydetails","Konstantinos Kenteris Greece","Darren Campbell Great Britain","Ato Boldon Trinidad and Tobago","200 metres","men"
"2004 Athensdetails","Shawn Crawford United States","Bernard Williams United States","Justin Gatlin United States","200 metres","men"
"2008 Beijingdetails","Usain Bolt Jamaica","Shawn Crawford United States","Walter Dix United States","200 metres","men"
"2012 Londondetails","Usain Bolt Jamaica","Yohan Blake Jamaica","Warren Weir Jamaica","200 metres","men"
"2016 Riodetails","Usain Bolt Jamaica","Andre De Grasse Canada","Christophe Lemaitre France","200 metres","men"
"1896 Athensdetails","Thomas Burke United States","Herbert Jamison United States","Charles Gmelin Great Britain","400 metres","men"
"1900 Parisdetails","Maxie Long United States","William Holland United States","Ernst Schultz Denmark","400 metres","men"
"1904 St. Louisdetails","Harry Hillman United States","Frank Waller United States","Herman Groman United States","400 metres","men"
"1908 Londondetails","Wyndham Halswelle Great Britain","None awarded","None awarded","400 metres","men"
"1912 Stockholmdetails","Charles Reidpath United States","Hanns Braun Germany","Edward Lindberg United States","400 metres","men"
"1920 Antwerpdetails","Bevil Rudd South Africa","Guy Butler Great Britain","Nils Engdahl Sweden","400 metres","men"
"1924 Parisdetails","Eric Liddell Great Britain","Horatio Fitch United States","Guy Butler Great Britain","400 metres","men"
"1928 Amsterdamdetails","Ray Barbuti United States","James Ball Canada","Joachim Büchner Germany","400 metres","men"
"1932 Los Angelesdetails","Bill Carr United States","Ben Eastman United States","Alex Wilson Canada","400 metres","men"
"1936 Berlindetails","Archie Williams United States","Godfrey Brown Great Britain","James LuValle United States","400 metres","men"
"1948 Londondetails","Arthur Wint Jamaica","Herb McKenley Jamaica","Mal Whitfield United States","400 metres","men"
"1952 Helsinkidetails","George Rhoden Jamaica","Herb McKenley Jamaica","Ollie Matson United States","400 metres","men"
"1956 Melbournedetails","Charles Jenkins United States","Karl-Friedrich Haas United Team of Germany","Voitto Hellstén Finland","400 metres","men"
"Ardalion Ignatyev Soviet Union",NA,NA,NA,"400 metres","men"
"1960 Romedetails","Otis Davis United States","Carl Kaufmann United Team of Germany","Malcolm Spence South Africa","400 metres","men"
"1964 Tokyodetails","Mike Larrabee United States","Wendell Mottley Trinidad and Tobago","Andrzej Badenski Poland","400 metres","men"
"1968 Mexico Citydetails","Lee Evans United States","Larry James United States","Ron Freeman United States","400 metres","men"
"1972 Munichdetails","Vincent Matthews United States","Wayne Collett United States","Julius Sang Kenya","400 metres","men"
"1976 Montrealdetails","Alberto Juantorena Cuba","Fred Newhouse United States","Herman Frazier United States","400 metres","men"
"1980 Moscowdetails","Viktor Markin Soviet Union","Rick Mitchell Australia","Frank Schaffer East Germany","400 metres","men"
"1984 Los Angelesdetails","Alonzo Babers United States","Gabriel Tiacoh Ivory Coast","Antonio McKay United States","400 metres","men"
"1988 Seouldetails","Steve Lewis United States","Butch Reynolds United States","Danny Everett United States","400 metres","men"
"1992 Barcelonadetails","Quincy Watts United States","Steve Lewis United States","Samson Kitur Kenya","400 metres","men"
"1996 Atlantadetails","Michael Johnson United States","Roger Black Great Britain","Davis Kamoga Uganda","400 metres","men"
"2000 Sydneydetails","Michael Johnson United States","Alvin Harrison United States","Greg Haughton Jamaica","400 metres","men"
"2004 Athensdetails","Jeremy Wariner United States","Otis Harris United States","Derrick Brew United States","400 metres","men"
"2008 Beijingdetails","LaShawn Merritt United States","Jeremy Wariner United States","David Neville United States","400 metres","men"
"2012 Londondetails","Kirani James Grenada","Luguelín Santos Dominican Republic","Lalonde Gordon Trinidad and Tobago","400 metres","men"
"2016 Riodetails","Wayde van Niekerk South Africa","Kirani James Grenada","LaShawn Merritt United States","400 metres","men"
"1896 Athensdetails","Edwin Flack Australia","Nándor Dáni Hungary","Dimitrios Golemis Greece","800 metres","men"
"1900 Parisdetails","Alfred Tysoe Great Britain","John Cregan United States","David Hall United States","800 metres","men"
"1904 St. Louisdetails","Jim Lightbody United States","Howard Valentine United States","Emil Breitkreutz United States","800 metres","men"
"1908 Londondetails","Mel Sheppard United States","Emilio Lunghi Italy","Hanns Braun Germany","800 metres","men"
"1912 Stockholmdetails","Ted Meredith United States","Mel Sheppard United States","Ira Davenport United States","800 metres","men"
"1920 Antwerpdetails","Albert Hill Great Britain","Earl Eby United States","Bevil Rudd South Africa","800 metres","men"
"1924 Parisdetails","Douglas Lowe Great Britain","Paul Martin Switzerland","Schuyler Enck United States","800 metres","men"
"1928 Amsterdamdetails","Douglas Lowe Great Britain","Erik Byléhn Sweden","Hermann Engelhard Germany","800 metres","men"
"1932 Los Angelesdetails","Tommy Hampson Great Britain","Alex Wilson Canada","Phil Edwards Canada","800 metres","men"
"1936 Berlindetails","John Woodruff United States","Mario Lanzi Italy","Phil Edwards Canada","800 metres","men"
"1948 Londondetails","Mal Whitfield United States","Arthur Wint Jamaica","Marcel Hansenne France","800 metres","men"
"1952 Helsinkidetails","Mal Whitfield United States","Arthur Wint Jamaica","Heinz Ulzheimer Germany","800 metres","men"
"1956 Melbournedetails","Tom Courtney United States","Derek Johnson Great Britain","Audun Boysen Norway","800 metres","men"
"1960 Romedetails","Peter Snell New Zealand","Roger Moens Belgium","George Kerr British West Indies","800 metres","men"
"1964 Tokyodetails","Peter Snell New Zealand","Bill Crothers Canada","Wilson Kiprugut Kenya","800 metres","men"
"1968 Mexico Citydetails","Ralph Doubell Australia","Wilson Kiprugut Kenya","Tom Farrell United States","800 metres","men"
"1972 Munichdetails","Dave Wottle United States","Yevhen Arzhanov Soviet Union","Mike Boit Kenya","800 metres","men"
"1976 Montrealdetails","Alberto Juantorena Cuba","Ivo Van Damme Belgium","Rick Wohlhuter United States","800 metres","men"
"1980 Moscowdetails","Steve Ovett Great Britain","Sebastian Coe Great Britain","Nikolay Kirov Soviet Union","800 metres","men"
"1984 Los Angelesdetails","Joaquim Cruz Brazil","Sebastian Coe Great Britain","Earl Jones United States","800 metres","men"
"1988 Seouldetails","Paul Ereng Kenya","Joaquim Cruz Brazil","Saïd Aouita Morocco","800 metres","men"
"1992 Barcelonadetails","William Tanui Kenya","Nixon Kiprotich Kenya","Johnny Gray United States","800 metres","men"
"1996 Atlantadetails","Vebjørn Rodal Norway","Hezekiél Sepeng South Africa","Frederick Onyancha Kenya","800 metres","men"
"2000 Sydneydetails","Nils Schumann Germany","Wilson Kipketer Denmark","Djabir Saïd-Guerni Algeria","800 metres","men"
"2004 Athensdetails","Yuriy Borzakovskiy Russia","Mbulaeni Mulaudzi South Africa","Wilson Kipketer Denmark","800 metres","men"
"2008 Beijingdetails","Wilfred Bungei Kenya","Ismail Ahmed Ismail Sudan","Alfred Kirwa Yego Kenya","800 metres","men"
"2012 Londondetails","David Rudisha Kenya","Nijel Amos Botswana","Timothy Kitum Kenya","800 metres","men"
"2016 Riodetails","David Rudisha Kenya","Taoufik Makhloufi Algeria","Clayton Murphy United States","800 metres","men"
"1896 Athensdetails","Edwin Flack Australia","Arthur Blake United States","Albin Lermusiaux France","1500 metres","men"
"1900 Parisdetails","Charles Bennett Great Britain","Henri Deloge France","John Bray United States","1500 metres","men"
"1904 St. Louisdetails","Jim Lightbody United States","Frank Verner United States","Lacey Hearn United States","1500 metres","men"
"1908 Londondetails","Mel Sheppard United States","Harold Wilson Great Britain","Norman Hallows Great Britain","1500 metres","men"
"1912 Stockholmdetails","Arnold Jackson Great Britain","Abel Kiviat United States","Norman Taber United States","1500 metres","men"
"1920 Antwerpdetails","Albert Hill Great Britain","Philip Baker Great Britain","Lawrence Shields United States","1500 metres","men"
"1924 Parisdetails","Paavo Nurmi Finland","Willy Schärer Switzerland","H. B. Stallard Great Britain","1500 metres","men"
"1928 Amsterdamdetails","Harri Larva Finland","Jules Ladoumègue France","Eino Purje Finland","1500 metres","men"
"1932 Los Angelesdetails","Luigi Beccali Italy","Jerry Cornes Great Britain","Phil Edwards Canada","1500 metres","men"
"1936 Berlindetails","Jack Lovelock New Zealand","Glenn Cunningham United States","Luigi Beccali Italy","1500 metres","men"
"1948 Londondetails","Henry Eriksson Sweden","Lennart Strand Sweden","Willem Slijkhuis Netherlands","1500 metres","men"
"1952 Helsinkidetails","Josy Barthel Luxembourg","Bob McMillen United States","Werner Lueg Germany","1500 metres","men"
"1956 Melbournedetails","Ron Delany Ireland","Klaus Richtzenhain United Team of Germany","John Landy Australia","1500 metres","men"
"1960 Romedetails","Herb Elliott Australia","Michel Jazy France","István Rózsavölgyi Hungary","1500 metres","men"
"1964 Tokyodetails","Peter Snell New Zealand","Josef Odložil Czechoslovakia","John Davies New Zealand","1500 metres","men"
"1968 Mexico Citydetails","Kipchoge Keino Kenya","Jim Ryun United States","Bodo Tümmler West Germany","1500 metres","men"
"1972 Munichdetails","Pekka Vasala Finland","Kipchoge Keino Kenya","Rod Dixon New Zealand","1500 metres","men"
"1976 Montrealdetails","John Walker New Zealand","Ivo Van Damme Belgium","Paul-Heinz Wellmann West Germany","1500 metres","men"
"1980 Moscowdetails","Sebastian Coe Great Britain","Jürgen Straub East Germany","Steve Ovett Great Britain","1500 metres","men"
"1984 Los Angelesdetails","Sebastian Coe Great Britain","Steve Cram Great Britain","José Manuel Abascal Spain","1500 metres","men"
"1988 Seouldetails","Peter Rono Kenya","Peter Elliott Great Britain","Jens-Peter Herold East Germany","1500 metres","men"
"1992 Barcelonadetails","Fermín Cacho Spain","Rachid El Basir Morocco","Mohamed Suleiman Qatar","1500 metres","men"
"1996 Atlantadetails","Noureddine Morceli Algeria","Fermín Cacho Spain","Stephen Kipkorir Kenya","1500 metres","men"
"2000 Sydneydetails","Noah Ngeny Kenya","Hicham El Guerrouj Morocco","Bernard Lagat Kenya","1500 metres","men"
"2004 Athensdetails","Hicham El Guerrouj Morocco","Bernard Lagat Kenya","Rui Silva Portugal","1500 metres","men"
"2008 Beijingdetails","Asbel Kiprop Kenya","Nick Willis New Zealand","Mehdi Baala France","1500 metres","men"
"2012 Londondetails","Taoufik Makhloufi Algeria","Leonel Manzano United States","Abdalaati Iguider Morocco","1500 metres","men"
"2016 Rio de Janeirodetails","Matthew Centrowitz Jr. United States","Taoufik Makhloufi Algeria","Nick Willis New Zealand","1500 metres","men"
"1912 Stockholmdetails","Hannes Kolehmainen Finland","Jean Bouin France","George Hutson Great Britain","5000 metres","men"
"1920 Antwerpdetails","Joseph Guillemot France","Paavo Nurmi Finland","Eric Backman Sweden","5000 metres","men"
"1924 Parisdetails","Paavo Nurmi Finland","Ville Ritola Finland","Edvin Wide Sweden","5000 metres","men"
"1928 Amsterdamdetails","Ville Ritola Finland","Paavo Nurmi Finland","Edvin Wide Sweden","5000 metres","men"
"1932 Los Angelesdetails","Lauri Lehtinen Finland","Ralph Hill United States","Lauri Virtanen Finland","5000 metres","men"
"1936 Berlindetails","Gunnar Höckert Finland","Lauri Lehtinen Finland","Henry Jonsson Sweden","5000 metres","men"
"1948 Londondetails","Gaston Reiff Belgium","Emil Zátopek Czechoslovakia","Wim Slijkhuis Netherlands","5000 metres","men"
"1952 Helsinkidetails","Emil Zátopek Czechoslovakia","Alain Mimoun France","Herbert Schade Germany","5000 metres","men"
"1956 Melbournedetails","Vladimir Kuts Soviet Union","Gordon Pirie Great Britain","Derek Ibbotson Great Britain","5000 metres","men"
"1960 Romedetails","Murray Halberg New Zealand","Hans Grodotzki United Team of Germany","Kazimierz Zimny Poland","5000 metres","men"
"1964 Tokyodetails","Bob Schul United States","Harald Norpoth United Team of Germany","Bill Dellinger United States","5000 metres","men"
"1968 Mexico Citydetails","Mohammed Gammoudi Tunisia","Kipchoge Keino Kenya","Naftali Temu Kenya","5000 metres","men"
"1972 Munichdetails","Lasse Virén Finland","Mohammed Gammoudi Tunisia","Ian Stewart Great Britain","5000 metres","men"
"1976 Montrealdetails","Lasse Virén Finland","Dick Quax New Zealand","Klaus-Peter Hildenbrand West Germany","5000 metres","men"
"1980 Moscowdetails","Miruts Yifter Ethiopia","Suleiman Nyambui Tanzania","Kaarlo Maaninka Finland","5000 metres","men"
"1984 Los Angelesdetails","Saïd Aouita Morocco","Markus Ryffel Switzerland","António Leitão Portugal","5000 metres","men"
"1988 Seouldetails","John Ngugi Kenya","Dieter Baumann West Germany","Hansjörg Kunze East Germany","5000 metres","men"
"1992 Barcelonadetails","Dieter Baumann Germany","Paul Bitok Kenya","Fita Bayisa Ethiopia","5000 metres","men"
"1996 Atlantadetails","Vénuste Niyongabo Burundi","Paul Bitok Kenya","Khalid Boulami Morocco","5000 metres","men"
"2000 Sydneydetails","Million Wolde Ethiopia","Ali Saïdi-Sief Algeria","Brahim Lahlafi Morocco","5000 metres","men"
"2004 Athensdetails","Hicham El Guerrouj Morocco","Kenenisa Bekele Ethiopia","Eliud Kipchoge Kenya","5000 metres","men"
"2008 Beijingdetails","Kenenisa Bekele Ethiopia","Eliud Kipchoge Kenya","Edwin Soi Kenya","5000 metres","men"
"2012 Londondetails","Mo Farah Great Britain","Dejen Gebremeskel Ethiopia","Thomas Pkemei Longosiwa Kenya","5000 metres","men"
"2016 Rio de Janeirodetails","Mo Farah Great Britain","Paul Kipkemoi Chelimo United States","Hagos Gebrhiwet Ethiopia","5000 metres","men"
"1912 Stockholmdetails","Hannes Kolehmainen Finland","Lewis Tewanima United States","Albin Stenroos Finland","10,000 metres","men"
"1920 Antwerpdetails","Paavo Nurmi Finland","Joseph Guillemot France","James Wilson Great Britain","10,000 metres","men"
"1924 Parisdetails","Ville Ritola Finland","Edvin Wide Sweden","Eero Berg Finland","10,000 metres","men"
"1928 Amsterdamdetails","Paavo Nurmi Finland","Ville Ritola Finland","Edvin Wide Sweden","10,000 metres","men"
"1932 Los Angelesdetails","Janusz Kusocinski Poland","Volmari Iso-Hollo Finland","Lasse Virtanen Finland","10,000 metres","men"
"1936 Berlindetails","Ilmari Salminen Finland","Arvo Askola Finland","Volmari Iso-Hollo Finland","10,000 metres","men"
"1948 Londondetails","Emil Zátopek Czechoslovakia","Alain Mimoun France","Bertil Albertsson Sweden","10,000 metres","men"
"1952 Helsinkidetails","Emil Zátopek Czechoslovakia","Alain Mimoun France","Aleksandr Anufriyev Soviet Union","10,000 metres","men"
"1956 Melbournedetails","Vladimir Kuts Soviet Union","József Kovács Hungary","Al Lawrence Australia","10,000 metres","men"
"1960 Romedetails","Pyotr Bolotnikov Soviet Union","Hans Grodotzki United Team of Germany","Dave Power Australia","10,000 metres","men"
"1964 Tokyodetails","Billy Mills United States","Mohammed Gammoudi Tunisia","Ron Clarke Australia","10,000 metres","men"
"1968 Mexico Citydetails","Naftali Temu Kenya","Mamo Wolde Ethiopia","Mohammed Gammoudi Tunisia","10,000 metres","men"
"1972 Munichdetails","Lasse Virén Finland","Emiel Puttemans Belgium","Miruts Yifter Ethiopia","10,000 metres","men"
"1976 Montrealdetails","Lasse Virén Finland","Carlos Lopes Portugal","Brendan Foster Great Britain","10,000 metres","men"
"1980 Moscowdetails","Miruts Yifter Ethiopia","Kaarlo Maaninka Finland","Mohamed Kedir Ethiopia","10,000 metres","men"
"1984 Los Angelesdetails","Alberto Cova Italy","Mike McLeod Great Britain","Michael Musyoki Kenya","10,000 metres","men"
"1988 Seouldetails","Brahim Boutayeb Morocco","Salvatore Antibo Italy","Kipkemboi Kimeli Kenya","10,000 metres","men"
"1992 Barcelonadetails","Khalid Skah Morocco","Richard Chelimo Kenya","Addis Abebe Ethiopia","10,000 metres","men"
"1996 Atlantadetails","Haile Gebrselassie Ethiopia","Paul Tergat Kenya","Saleh Hissou Morocco","10,000 metres","men"
"2000 Sydneydetails","Haile Gebrselassie Ethiopia","Paul Tergat Kenya","Assefa Mezgebu Ethiopia","10,000 metres","men"
"2004 Athensdetails","Kenenisa Bekele Ethiopia","Sileshi Sihine Ethiopia","Zersenay Tadese Eritrea","10,000 metres","men"
"2008 Beijingdetails","Kenenisa Bekele Ethiopia","Sileshi Sihine Ethiopia","Micah Kogo Kenya","10,000 metres","men"
"2012 Londondetails","Mo Farah Great Britain","Galen Rupp United States","Tariku Bekele Ethiopia","10,000 metres","men"
"2016 Rio de Janeirodetails","Mo Farah Great Britain","Paul Tanui Kenya","Tamirat Tola Ethiopia","10,000 metres","men"
"1896 Athensdetails","Spyridon Louis Greece","Charilaos Vasilakos Greece","Gyula Kellner Hungary","Marathon","men"
"1900 Parisdetails","Michel Théato France[1]","Émile Champion France","Ernst Fast Sweden","Marathon","men"
"1904 St. Louisdetails","Thomas Hicks United States","Albert Corey United States[2]","Arthur Newton United States","Marathon","men"
"1908 Londondetails","Johnny Hayes United States","Charles Hefferon South Africa","Joseph Forshaw United States","Marathon","men"
"1912 Stockholmdetails","Ken McArthur South Africa","Christian Gitsham South Africa","Gaston Strobino United States","Marathon","men"
"1920 Antwerpdetails","Hannes Kolehmainen Finland","Jüri Lossmann Estonia","Valerio Arri Italy","Marathon","men"
"1924 Parisdetails","Albin Stenroos Finland","Romeo Bertini Italy","Clarence DeMar United States","Marathon","men"
"1928 Amsterdamdetails","Boughera El Ouafi France","Manuel Plaza Chile","Martti Marttelin Finland","Marathon","men"
"1932 Los Angelesdetails","Juan Carlos Zabala Argentina","Sam Ferris Great Britain","Armas Toivonen Finland","Marathon","men"
"1936 Berlindetails","Sohn Kee-chung Japan[3]","Ernest Harper Great Britain","Nan Shoryu Japan[3]","Marathon","men"
"1948 Londondetails","Delfo Cabrera Argentina","Tom Richards Great Britain","Étienne Gailly Belgium","Marathon","men"
"1952 Helsinkidetails","Emil Zátopek Czechoslovakia","Reinaldo Gorno Argentina","Gustaf Jansson Sweden","Marathon","men"
"1956 Melbournedetails","Alain Mimoun France","Franjo Mihalic Yugoslavia","Veikko Karvonen Finland","Marathon","men"
"1960 Romedetails","Abebe Bikila Ethiopia","Rhadi Ben Abdesselam Morocco","Barry Magee New Zealand","Marathon","men"
"1964 Tokyodetails","Abebe Bikila Ethiopia","Basil Heatley Great Britain","Kokichi Tsuburaya Japan","Marathon","men"
"1968 Mexico Citydetails","Mamo Wolde Ethiopia","Kenji Kimihara Japan","Mike Ryan New Zealand","Marathon","men"
"1972 Munichdetails","Frank Shorter United States","Karel Lismont Belgium","Mamo Wolde Ethiopia","Marathon","men"
"1976 Montrealdetails","Waldemar Cierpinski East Germany","Frank Shorter United States","Karel Lismont Belgium","Marathon","men"
"1980 Moscowdetails","Waldemar Cierpinski East Germany","Gerard Nijboer Netherlands","Satymkul Dzhumanazarov Soviet Union","Marathon","men"
"1984 Los Angelesdetails","Carlos Lopes Portugal","John Treacy Ireland","Charlie Spedding Great Britain","Marathon","men"
"1988 Seouldetails","Gelindo Bordin Italy","Douglas Wakiihuri Kenya","Ahmed Salah Djibouti","Marathon","men"
"1992 Barcelonadetails","Hwang Young-cho South Korea","Koichi Morishita Japan","Stephan Freigang Germany","Marathon","men"
"1996 Atlantadetails","Josia Thugwane South Africa","Lee Bong-ju South Korea","Erick Wainaina Kenya","Marathon","men"
"2000 Sydneydetails","Gezahegne Abera Ethiopia","Erick Wainaina Kenya","Tesfaye Tola Ethiopia","Marathon","men"
"2004 Athensdetails","Stefano Baldini Italy","Mebrahtom Keflezighi United States","Vanderlei de Lima Brazil","Marathon","men"
"2008 Beijingdetails","Samuel Wanjiru Kenya","Jaouad Gharib Morocco","Tsegay Kebede Ethiopia","Marathon","men"
"2012 Londondetails","Stephen Kiprotich Uganda","Abel Kirui Kenya","Wilson Kipsang Kiprotich Kenya","Marathon","men"
"2016 Rio de Janeirodetails","Eliud Kipchoge Kenya","Feyisa Lelisa Ethiopia","Galen Rupp United States","Marathon","men"
"1896 Athensdetails","Thomas Curtis United States","Grantley Goulding Great Britain","none awarded","110 metres hurdles","men"
"1900 Parisdetails","Alvin Kraenzlein United States","John McLean United States","Fred Moloney United States","110 metres hurdles","men"
"1904 St. Louisdetails","Frederick Schule United States","Thaddeus Shideler United States","Lesley Ashburner United States","110 metres hurdles","men"
"1908 Londondetails","Forrest Smithson United States","John Garrels United States","Arthur Shaw United States","110 metres hurdles","men"
"1912 Stockholmdetails","Fred Kelly United States","James Wendell United States","Martin Hawkins United States","110 metres hurdles","men"
"1920 Antwerpdetails","Earl Thomson Canada","Harold Barron United States","Feg Murray United States","110 metres hurdles","men"
"1924 Parisdetails","Daniel Kinsey United States","Sid Atkinson South Africa","Sten Pettersson Sweden","110 metres hurdles","men"
"1928 Amsterdamdetails","Sid Atkinson South Africa","Steve Anderson United States","John Collier United States","110 metres hurdles","men"
"1932 Los Angelesdetails","George Saling United States","Percy Beard United States","Don Finlay Great Britain","110 metres hurdles","men"
"1936 Berlindetails","Forrest Towns United States","Don Finlay Great Britain","Fritz Pollard United States","110 metres hurdles","men"
"1948 Londondetails","William Porter United States","Clyde Scott United States","Craig Dixon United States","110 metres hurdles","men"
"1952 Helsinkidetails","Harrison Dillard United States","Jack Davis United States","Arthur Barnard United States","110 metres hurdles","men"
"1956 Melbournedetails","Lee Calhoun United States","Jack Davis United States","Joel Shankle United States","110 metres hurdles","men"
"1960 Romedetails","Lee Calhoun United States","Willie May United States","Hayes Jones United States","110 metres hurdles","men"
"1964 Tokyodetails","Hayes Jones United States","Blaine Lindgren United States","Anatoly Mikhailov Soviet Union","110 metres hurdles","men"
"1968 Mexico Citydetails","Willie Davenport United States","Ervin Hall United States","Eddy Ottoz Italy","110 metres hurdles","men"
"1972 Munichdetails","Rod Milburn United States","Guy Drut France","Thomas Hill United States","110 metres hurdles","men"
"1976 Montrealdetails","Guy Drut France","Alejandro Casañas Cuba","Willie Davenport United States","110 metres hurdles","men"
"1980 Moscowdetails","Thomas Munkelt East Germany","Alejandro Casañas Cuba","Aleksandr Puchkov Soviet Union","110 metres hurdles","men"
"1984 Los Angelesdetails","Roger Kingdom United States","Greg Foster United States","Arto Bryggare Finland","110 metres hurdles","men"
"1988 Seouldetails","Roger Kingdom United States","Colin Jackson Great Britain","Tonie Campbell United States","110 metres hurdles","men"
"1992 Barcelonadetails","Mark McKoy Canada","Tony Dees United States","Jack Pierce United States","110 metres hurdles","men"
"1996 Atlantadetails","Allen Johnson United States","Mark Crear United States","Florian Schwarthoff Germany","110 metres hurdles","men"
"2000 Sydneydetails","Anier García Cuba","Terrence Trammell United States","Mark Crear United States","110 metres hurdles","men"
"2004 Athensdetails","Liu Xiang China","Terrence Trammell United States","Anier García Cuba","110 metres hurdles","men"
"2008 Beijingdetails","Dayron Robles Cuba","David Payne United States","David Oliver United States","110 metres hurdles","men"
"2012 Londondetails","Aries Merritt United States","Jason Richardson United States","Hansle Parchment Jamaica","110 metres hurdles","men"
"2016 Riodetails","Omar McLeod Jamaica","Orlando Ortega Spain","Dimitri Bascou France","110 metres hurdles","men"
"1900 Parisdetails","Walter Tewksbury United States","Henri Tauzin France","George Orton Canada","400 metres hurdles","men"
"1904 St. Louisdetails","Harry Hillman United States","Frank Waller United States","George Poage United States","400 metres hurdles","men"
"1908 Londondetails","Charles Bacon United States","Harry Hillman United States","Jimmy Tremeer Great Britain","400 metres hurdles","men"
"1912 Stockholm","not included in the Olympic program",NA,NA,"400 metres hurdles","men"
"1920 Antwerpdetails","Frank Loomis United States","John Norton United States","August Desch United States","400 metres hurdles","men"
"1924 Parisdetails","Morgan Taylor United States","Erik Wilén Finland","Ivan Riley United States","400 metres hurdles","men"
"1928 Amsterdamdetails","David Burghley Great Britain","Frank Cuhel United States","Morgan Taylor United States","400 metres hurdles","men"
"1932 Los Angelesdetails","Bob Tisdall Ireland","Glenn Hardin United States","Morgan Taylor United States","400 metres hurdles","men"
"1936 Berlindetails","Glenn Hardin United States","John Loaring Canada","Miguel White Philippines","400 metres hurdles","men"
"1948 Londondetails","Roy Cochran United States","Duncan White Ceylon","Rune Larsson Sweden","400 metres hurdles","men"
"1952 Helsinkidetails","Charles Moore United States","Yuriy Lituyev Soviet Union","John Holland New Zealand","400 metres hurdles","men"
"1956 Melbournedetails","Glenn Davis United States","Eddie Southern United States","Josh Culbreath United States","400 metres hurdles","men"
"1960 Romedetails","Glenn Davis United States","Clifton Cushman United States","Dick Howard United States","400 metres hurdles","men"
"1964 Tokyodetails","Rex Cawley United States","John Cooper Great Britain","Salvatore Morale Italy","400 metres hurdles","men"
"1968 Mexico Citydetails","David Hemery Great Britain","Gerhard Hennige West Germany","John Sherwood Great Britain","400 metres hurdles","men"
"1972 Munichdetails","John Akii-Bua Uganda","Ralph Mann United States","David Hemery Great Britain","400 metres hurdles","men"
"1976 Montrealdetails","Edwin Moses United States","Michael Shine United States","Yevgeniy Gavrilenko Soviet Union","400 metres hurdles","men"
"1980 Moscowdetails","Volker Beck East Germany","Vasyl Arkhypenko Soviet Union","Gary Oakes Great Britain","400 metres hurdles","men"
"1984 Los Angelesdetails","Edwin Moses United States","Danny Harris United States","Harald Schmid West Germany","400 metres hurdles","men"
"1988 Seouldetails","André Phillips United States","Amadou Dia Ba Senegal","Edwin Moses United States","400 metres hurdles","men"
"1992 Barcelonadetails","Kevin Young United States","Winthrop Graham Jamaica","Kriss Akabusi Great Britain","400 metres hurdles","men"
"1996 Atlantadetails","Derrick Adkins United States","Samuel Matete Zambia","Calvin Davis United States","400 metres hurdles","men"
"2000 Sydneydetails","Angelo Taylor United States","Hadi Al-Somaily Saudi Arabia","Llewellyn Herbert South Africa","400 metres hurdles","men"
"2004 Athensdetails","Félix Sánchez Dominican Republic","Danny McFarlane Jamaica","Naman Keïta France","400 metres hurdles","men"
"2008 Beijingdetails","Angelo Taylor United States","Kerron Clement United States","Bershawn Jackson United States","400 metres hurdles","men"
"2012 Londondetails","Félix Sánchez Dominican Republic","Michael Tinsley United States","Javier Culson Puerto Rico","400 metres hurdles","men"
"2016 Rio de Janeirodetails","Kerron Clement United States","Boniface Mucheru Tumuti Kenya","Yasmani Copello Turkey","400 metres hurdles","men"
"1920 Antwerpdetails","Percy Hodge Great Britain","Patrick Flynn United States","Ernesto Ambrosini Italy","3000 metres steeplechase","men"
"1924 Parisdetails","Ville Ritola Finland","Elias Katz Finland","Paul Bontemps France","3000 metres steeplechase","men"
"1928 Amsterdamdetails","Toivo Loukola Finland","Paavo Nurmi Finland","Ove Andersen Finland","3000 metres steeplechase","men"
"1932 Los Angelesdetails","Volmari Iso-Hollo Finland","Thomas Evenson Great Britain","Joe McCluskey United States","3000 metres steeplechase","men"
"1936 Berlindetails","Volmari Iso-Hollo Finland","Kalle Tuominen Finland","Alfred Dompert Germany","3000 metres steeplechase","men"
"1948 Londondetails","Tore Sjöstrand Sweden","Erik Elmsäter Sweden","Göte Hagström Sweden","3000 metres steeplechase","men"
"1952 Helsinkidetails","Horace Ashenfelter United States","Vladimir Kazantsev Soviet Union","John Disley Great Britain","3000 metres steeplechase","men"
"1956 Melbournedetails","Chris Brasher Great Britain","Sándor Rozsnyói Hungary","Ernst Larsen Norway","3000 metres steeplechase","men"
"1960 Romedetails","Zdzislaw Krzyszkowiak Poland","Nikolay Sokolov Soviet Union","Semyon Rzhishchin Soviet Union","3000 metres steeplechase","men"
"1964 Tokyodetails","Gaston Roelants Belgium","Maurice Herriott Great Britain","Ivan Belyayev Soviet Union","3000 metres steeplechase","men"
"1968 Mexico Citydetails","Amos Biwott Kenya","Benjamin Kogo Kenya","George Young United States","3000 metres steeplechase","men"
"1972 Munichdetails","Kipchoge Keino Kenya","Ben Jipcho Kenya","Tapio Kantanen Finland","3000 metres steeplechase","men"
"1976 Montrealdetails","Anders Gärderud Sweden","Bronislaw Malinowski Poland","Frank Baumgartl East Germany","3000 metres steeplechase","men"
"1980 Moscowdetails","Bronislaw Malinowski Poland","Filbert Bayi Tanzania","Eshetu Tura Ethiopia","3000 metres steeplechase","men"
"1984 Los Angelesdetails","Julius Korir Kenya","Joseph Mahmoud France","Brian Diemer United States","3000 metres steeplechase","men"
"1988 Seouldetails","Julius Kariuki Kenya","Peter Koech Kenya","Mark Rowland Great Britain","3000 metres steeplechase","men"
"1992 Barcelonadetails","Matthew Birir Kenya","Patrick Sang Kenya","William Mutwol Kenya","3000 metres steeplechase","men"
"1996 Atlantadetails","Joseph Keter Kenya","Moses Kiptanui Kenya","Alessandro Lambruschini Italy","3000 metres steeplechase","men"
"2000 Sydneydetails","Reuben Kosgei Kenya","Wilson Boit Kipketer Kenya","Ali Ezzine Morocco","3000 metres steeplechase","men"
"2004 Athensdetails","Ezekiel Kemboi Kenya","Brimin Kipruto Kenya","Paul Kipsiele Koech Kenya","3000 metres steeplechase","men"
"2008 Beijingdetails","Brimin Kipruto Kenya","Mahiedine Mekhissi-Benabbad France","Richard Kipkemboi Mateelong Kenya","3000 metres steeplechase","men"
"2012 Londondetails","Ezekiel Kemboi Kenya","Mahiedine Mekhissi-Benabbad France","Abel Mutai Kenya","3000 metres steeplechase","men"
"2016 Rio de Janeirodetails","Conseslus Kipruto Kenya","Evan Jager United States","Mahiedine Mekhissi-Benabbad France","3000 metres steeplechase","men"
"1912 Stockholmdetails","Great Britain (GBR)David JacobsHenry MacintoshVictor d'ArcyWillie Applegarth","Sweden (SWE)Ivan MöllerCharles LutherTure PersonKnut Lindberg","none awarded","4 × 100 metres relay","men"
"1920 Antwerpdetails","United States (USA)Charley PaddockJackson ScholzLoren MurchisonMorris Kirksey","France (FRA)René LorainRené TirardRené MourlonÉmile Ali-Khan","Sweden (SWE)Agne HolmströmWilliam PeterssonSven MalmNils Sandström","4 × 100 metres relay","men"
"1924 Parisdetails","United States (USA)Loren MurchisonLouis ClarkeFrank HusseyAl LeConey","Great Britain (GBR)Harold AbrahamsWalter RangeleyWilfred NicholLancelot Royle","Netherlands (NED)Jan de VriesJacob BootHarry BroosMarinus van den Berge","4 × 100 metres relay","men"
"1928 Amsterdamdetails","United States (USA)Frank WykoffJames QuinnCharley BorahHenry Russell","Germany (GER)Georg LammersRichard CortsHubert HoubenHelmut Körnig","Great Britain (GBR)Cyril GillEdward SmouhaWalter RangeleyJack London","4 × 100 metres relay","men"
"1932 Los Angelesdetails","United States (USA)Bob KieselEmmett ToppinoHector DyerFrank Wykoff","Germany (GER)Helmut KörnigFriedrich HendrixErich BorchmeyerArthur Jonath","Italy (ITA)Giuseppe CastelliRuggero MaregattiGabriele SalviatiEdgardo Toetti","4 × 100 metres relay","men"
"1936 Berlindetails","United States (USA)Jesse OwensRalph MetcalfeFoy DraperFrank Wykoff","Italy (ITA)Orazio MarianiGianni CaldanaElio RagniTullio Gonnelli","Germany (GER)Wilhelm LeichumErich BorchmeyerErwin GillmeisterGerd Hornberger","4 × 100 metres relay","men"
"1948 Londondetails","United States (USA)Barney EwellLorenzo WrightHarrison DillardMel Patton","Great Britain (GBR)Jack ArcherJohn GregoryAlastair McCorquodaleKenneth Jones","Italy (ITA)Michele TitoEnrico PerucconiAntonio SiddiCarlo Monti","4 × 100 metres relay","men"
"1952 Helsinkidetails","United States (USA)Dean SmithHarrison DillardLindy RemiginoAndy Stanfield","Soviet Union (URS)Boris TokarevLevan KalyayevLevan SanadzeVladimir Sukharev","Hungary (HUN)László ZarándiGéza VarasdiGyörgy CsányiBéla Goldoványi","4 × 100 metres relay","men"
"1956 Melbournedetails","United States (USA)Ira MurchisonLeamon KingThane BakerBobby Morrow","Soviet Union (URS)Leonid BartenevBoris TokarevYuriy KonovalovVladimir Sukharev","United Team of Germany (EUA)Lothar KnörzerLeonhard PohlHeinz FüttererManfred Germar","4 × 100 metres relay","men"
"1960 Romedetails","United Team of Germany (EUA)Bernd CullmannArmin HaryWalter MahlendorfMartin Lauer","Soviet Union (URS)Gusman KosanovLeonid BartenevYuriy KonovalovEdvin Ozolin","Great Britain (GBR)Peter RadfordDavid JonesDavid SegalNick Whitehead","4 × 100 metres relay","men"
"1964 Tokyodetails","United States (USA)Paul DraytonGerry AshworthRichard StebbinsBob Hayes","Poland (POL)Andrzej ZielinskiWieslaw ManiakMarian FoikMarian Dudziak","France (FRA)Paul GenevayBernard LaidebeurClaude PiquemalJocelyn Delecour","4 × 100 metres relay","men"
"1968 Mexico Citydetails","United States (USA)Charles GreeneMel PenderRonnie Ray SmithJim Hines","Cuba (CUB)Hermes RamírezJuan MoralesPablo MontesEnrique Figuerola","France (FRA)Gérard FenouilJocelyn DelecourClaude PiquemalRoger Bambuck","4 × 100 metres relay","men"
"1972 Munichdetails","United States (USA)Larry BlackRobert TaylorGerald TinkerEddie Hart","Soviet Union (URS)Aleksandr KornelyukVladimir LovetskiyJuris SilovsValeriy Borzov","West Germany (FRG)Jobst HirschtKarlheinz KlotzGerhard WuchererKlaus Ehl","4 × 100 metres relay","men"
"1976 Montrealdetails","United States (USA)Harvey GlanceLam JonesMillard HamptonSteve Riddick","East Germany (GDR)Manfred KokotJörg PfeiferKlaus-Dieter KurratAlexander Thieme","Soviet Union (URS)Aleksandr AksininNikolay KolesnikovJuris SilovsValeriy Borzov","4 × 100 metres relay","men"
"1980 Moscowdetails","Soviet Union (URS)Vladimir MuravyovNikolay SidorovAleksandr AksininAndrey Prokofyev","Poland (POL)Krzysztof ZwolinskiZenon LicznerskiLeszek DuneckiMarian Woronin","France (FRA)Antoine RichardPascal BarréPatrick BarréHermann Panzo","4 × 100 metres relay","men"
"1984 Los Angelesdetails","United States (USA)Sam GraddyRon BrownCalvin SmithCarl Lewis","Jamaica (JAM)Albert LawrenceGreg MeghooDon QuarrieRay Stewart","Canada (CAN)Ben JohnsonTony SharpeDesai WilliamsSterling Hinds","4 × 100 metres relay","men"
"1988 Seouldetails","Soviet Union (URS)Viktor BryzhinVladimir KrylovVladimir MuravyovVitaliy Savin","Great Britain (GBR)Elliot BunneyJohn RegisMike McFarlaneLinford Christie","France (FRA)Bruno Marie-RoseDaniel SangoumaGilles QuenehervéMax Morinière","4 × 100 metres relay","men"
"1992 Barcelonadetails","United States (USA)Michael MarshLeroy BurrellDennis MitchellCarl LewisJames Jett*","Nigeria (NGR)Oluyemi KayodeChidi ImohOlapade AdenikenDavidson EzinwaOsmond Ezinwa*","Cuba (CUB)Andrés SimónJoel LamelaJoel IsasiJorge Aguilera","4 × 100 metres relay","men"
"1996 Atlantadetails","Canada (CAN)Robert EsmieGlenroy GilbertBruny SurinDonovan BaileyCarlton Chambers*","United States (USA)Jon DrummondTim HardenMichael MarshDennis MitchellTim Montgomery*","Brazil (BRA)Arnaldo da SilvaRobson da SilvaEdson RibeiroAndré da Silva","4 × 100 metres relay","men"
"2000 Sydneydetails","United States (USA)Jon DrummondBernard WilliamsBrian LewisMaurice GreeneTim Montgomery*Kenny Brokenburr*","Brazil (BRA)Vicente de LimaEdson RibeiroAndré da SilvaClaudinei da SilvaCláudio Souza","Cuba (CUB)José Ángel CésarLuis Alberto Pérez-RiondaIvan GarcíaFreddy Mayola","4 × 100 metres relay","men"
"2004 Athensdetails","Great Britain (GBR)Jason GardenerDarren CampbellMarlon DevonishMark Lewis-Francis","United States (USA)Shawn CrawfordJustin GatlinCoby MillerMaurice GreeneDarvis Patton*","Nigeria (NGR)Olusoji FasubaUchenna EmedoluAaron EgbeleDeji Aliu","4 × 100 metres relay","men"
"2008 Beijingdetails","Trinidad and Tobago (TRI)Keston BledmanMarc BurnsEmmanuel CallenderRichard ThompsonAaron Armstrong*","Japan (JPN)Naoki TsukaharaShingo SuetsuguShinji TakahiraNobuharu Asahara","Brazil (BRA)Vicente LimaSandro VianaBruno de BarrosJose Carlos Moreira","4 × 100 metres relay","men"
"2012 Londondetails","Jamaica (JAM)Nesta CarterMichael FraterYohan BlakeUsain BoltKemar Bailey-Cole*","Trinidad and Tobago (TRI)Richard ThompsonMarc BurnsEmmanuel CallenderKeston Bledman","France (FRA)Jimmy VicautChristophe LemaitrePierre-Alexis PessonneauxRonald Pognon","4 × 100 metres relay","men"
"2016 Rio de Janeirodetails","Jamaica (JAM)Asafa PowellYohan BlakeNickel AshmeadeUsain BoltJevaughn Minzie*Kemar Bailey-Cole*","Japan (JPN)Ryota YamagataShota IizukaYoshihide KiryuAsuka Cambridge","Canada (CAN)Akeem HaynesAaron BrownBrendon RodneyAndre De GrasseMobolade Ajomale*","4 × 100 metres relay","men"
"1912 Stockholmdetails","United States (USA)Mel SheppardEdward LindbergTed MeredithCharles Reidpath","France (FRA)Charles LelongRobert SchurrerPierre FailliotCharles Poulenard","Great Britain (GBR)George NicolErnest HenleyJames SoutterCyril Seedhouse","4 × 400 metres relay","men"
"1920 Antwerpdetails","Great Britain (GBR)Cecil GriffithsRobert LindsayJohn Ainsworth-DavisGuy Butler","South Africa (RSA)Henry DafelClarence OldfieldJack OosterlaakBevil Rudd","France (FRA)Géo AndréGaston FéryMaurice DelvartAndré Devaux","4 × 400 metres relay","men"
"1924 Parisdetails","United States (USA)Commodore CochranAlan HelffrichOliver MacDonaldWilliam Stevenson","Sweden (SWE)Artur SvenssonErik ByléhnGustaf WejnarthNils Engdahl","Great Britain (GBR)Edward TomsGeorge RenwickRichard RipleyGuy Butler","4 × 400 metres relay","men"
"1928 Amsterdamdetails","United States (USA)George BairdEmerson SpencerFred AldermanRay Barbuti","Germany (GER)Otto NeumannHarry Werner StorzRichard KrebsHermann Engelhard","Canada (CAN)Alex WilsonPhil EdwardsStanley GloverJames Ball","4 × 400 metres relay","men"
"1932 Los Angelesdetails","United States (USA)Ivan FuquaEd AblowichKarl WarnerBill Carr","Great Britain (GBR)Crew StoneleyTommy HampsonDavid BurghleyGodfrey Rampling","Canada (CAN)Ray LewisJames BallPhil EdwardsAlex Wilson","4 × 400 metres relay","men"
"1936 Berlindetails","Great Britain (GBR)Freddie WolffGodfrey RamplingBill RobertsGodfrey Brown","United States (USA)Harold CagleRobert YoungEdward O’BrienAl Fitch","Germany (GER)Helmut HamannFriedrich von StülpnagelHarry VoigtRudolf Harbig","4 × 400 metres relay","men"
"1948 Londondetails","United States (USA)Arthur HarndenCliff BourlandRoy CochranMal Whitfield","France (FRA)Jean KerebelFrancis SchewettaRobert Chef d'HôtelJacques Lunis","Sweden (SWE)Kurt LundquistLars-Erik WolfbrandtFolke AlnevikRune Larsson","4 × 400 metres relay","men"
"1952 Helsinkidetails","Jamaica (JAM)Arthur WintLeslie LaingHerb McKenleyGeorge Rhoden","United States (USA)Ollie MatsonGene ColeCharles MooreMal Whitfield","Germany (GER)Hans GeisterGünther SteinesHeinz UlzheimerKarl-Friedrich Haas","4 × 400 metres relay","men"
"1956 Melbournedetails","United States (USA)Charles JenkinsLou JonesJesse MashburnTom Courtney","Australia (AUS)Graham GipsonLeon GregoryDavid LeanKevan Gosper","Great Britain (GBR)Peter HigginsMichael WheelerJohn SalisburyDerek Johnson","4 × 400 metres relay","men"
"1960 Romedetails","United States (USA)Jack YermanEarl YoungGlenn DavisOtis Davis","United Team of Germany (EUA)Hans-Joachim ReskeManfred KinderJohannes KaiserCarl Kaufmann","British West Indies (BWI)Malcolm SpenceJim WedderburnKeith GardnerGeorge Kerr","4 × 400 metres relay","men"
"1964 Tokyodetails","United States (USA)Ollan CassellMike LarrabeeUlis WilliamsHenry Carr","Great Britain (GBR)Tim GrahamAdrian MetcalfeJohn CooperRobbie Brightwell","Trinidad and Tobago (TRI)Edwin SkinnerKent BernardEdwin RobertsWendell Mottley","4 × 400 metres relay","men"
"1968 Mexico Citydetails","United States (USA)Vincent MatthewsRon FreemanLarry JamesLee Evans","Kenya (KEN)Daniel RudishaMunyoro NyamauNaftali BonCharles Asati","West Germany (FRG)Helmar MüllerManfred KinderGerhard HennigeMartin Jellinghaus","4 × 400 metres relay","men"
"1972 Munichdetails","Kenya (KEN)Charles AsatiMunyoro NyamauRobert OukoJulius Sang","Great Britain (GBR)Martin ReynoldsAlan PascoeDavid HemeryDavid Jenkins","France (FRA)Gilles BertouldDaniel VelasquesFrancis KerbiriouJacques Carette","4 × 400 metres relay","men"
"1976 Montrealdetails","United States (USA)Herman FrazierBenny BrownFred NewhouseMaxie Parks","Poland (POL)Ryszard PodlasJan WernerZbigniew JaremskiJerzy Pietrzyk","West Germany (FRG)Franz-Peter HofmeisterLothar KriegHarald SchmidBernd Herrmann","4 × 400 metres relay","men"
"1980 Moscowdetails","Soviet Union (URS)Remigijus ValiulisMikhail LingeNikolay ChernetskiyViktor Markin","East Germany (GDR)Klaus ThieleAndreas KnebelFrank SchafferVolker Beck","Italy (ITA)Stefano MalinverniMauro ZulianiRoberto TozziPietro Mennea","4 × 400 metres relay","men"
"1984 Los Angelesdetails","United States (USA)Sunder NixRay ArmsteadAlonzo BabersAntonio McKay","Great Britain (GBR)Kriss AkabusiGarry CookTodd BennettPhil Brown","Nigeria (NGR)Sunday UtiMoses UgbusienRotimi PetersInnocent Egbunike","4 × 400 metres relay","men"
"1988 Seouldetails","United States (USA)Danny EverettSteve LewisKevin RobinzineButch Reynolds","Jamaica (JAM)Howard DavisDevon MorrisWinthrop GrahamBert Cameron","West Germany (FRG)Norbert DobeleitEdgar IttJörg VaihingerRalf Lübke","4 × 400 metres relay","men"
"1992 Barcelonadetails","United States (USA)Andrew ValmonQuincy WattsMichael JohnsonSteve LewisDarnell HallCharles Jenkins","Cuba (CUB)Lázaro MartínezHéctor HerreraNorberto TéllezRoberto Hernández","Great Britain (GBR)Roger BlackDavid GrindleyKriss AkabusiJohn RegisDu'aine LadejoMark Richardson","4 × 400 metres relay","men"
"1996 Atlantadetails","United States (USA)LaMont SmithAlvin HarrisonDerek MillsAnthuan MaybankJason Rouser","Great Britain (GBR)Iwan ThomasJamie BaulchMark RichardsonRoger BlackDu'aine LadejoMark Hylton","Jamaica (JAM)Michael McDonaldRoxbert MartinGreg HaughtonDavian ClarkeDennis BlakeGarth Robinson","4 × 400 metres relay","men"
"2000 Sydneydetails","Nigeria (NGR)Clement ChukwuJude MonyeSunday BadaEnefiok Udo-ObongNduka AwazieFidelis Gadzama","Jamaica (JAM)Michael BlackwoodGreg HaughtonChristopher WilliamsDanny McFarlaneSanjay AyreMichael McDonald","Bahamas (BAH)Avard MoncurTroy McIntoshCarl OliverChris Brown","4 × 400 metres relay","men"
"2004 Athensdetails","United States (USA)Otis HarrisDerrick BrewJeremy WarinerDarold WilliamsonKelly WillieAndrew Rock","Australia (AUS)John SteffensenMark OrmrodPatrick DwyerClinton Hill","Nigeria (NGR)James GoddayMusa AuduSaul WeigopwaEnefiok Udo-Obong","4 × 400 metres relay","men"
"2008 Beijingdetails","United States (USA)LaShawn MerrittAngelo TaylorDavid NevilleJeremy WarinerKerron ClementReggie Witherspoon","Bahamas (BAH)Andretti BainMichael MathieuAndrae WilliamsChris BrownAvard MoncurRamon Miller","Great Britain (GBR)Martyn RooneyAndrew SteeleRobert TobinMichael Bingham","4 × 400 metres relay","men"
"2012 Londondetails","Bahamas (BAH)Chris Brown Michael Mathieu Ramon MillerDemetrius Pinder","United States (USA) Joshua ManceManteo Mitchell Tony McQuayBryshon NellumAngelo Taylor","Trinidad and Tobago (TRI)Ade Alleyne-Forte Lalonde Gordon Deon LendoreJarrin Solomon","4 × 400 metres relay","men"
"2016 Riodetails","United States (USA)Arman HallTony McQuayGil RobertsLaShawn MerrittKyle Clemons*David Verburg*","Jamaica (JAM)Peter MatthewsNathon AllenFitzroy DunkleyJavon FrancisRusheen McDonald*","Bahamas (BAH)Alonzo RussellMichael MathieuSteven GardinerChris BrownStephen Newbold*","4 × 400 metres relay","men"
"1956 Melbournedetails","Leonid Spirin Soviet Union","Antanas Mikenas Soviet Union","Bruno Junk Soviet Union","20 kilometres race walk","men"
"1960 Romedetails","Volodymyr Holubnychy Soviet Union","Noel Freeman Australia","Stan Vickers Great Britain","20 kilometres race walk","men"
"1964 Tokyodetails","Ken Matthews Great Britain","Dieter Lindner United Team of Germany","Volodymyr Holubnychy Soviet Union","20 kilometres race walk","men"
"1968 Mexico Citydetails","Volodymyr Holubnychy Soviet Union","José Pedraza Mexico","Nikolay Smaga Soviet Union","20 kilometres race walk","men"
"1972 Munichdetails","Peter Frenkel East Germany","Volodymyr Holubnychy Soviet Union","Hans-Georg Reimann East Germany","20 kilometres race walk","men"
"1976 Montrealdetails","Daniel Bautista Mexico","Hans-Georg Reimann East Germany","Peter Frenkel East Germany","20 kilometres race walk","men"
"1980 Moscowdetails","Maurizio Damilano Italy","Pyotr Pochenchuk Soviet Union","Roland Wieser East Germany","20 kilometres race walk","men"
"1984 Los Angelesdetails","Ernesto Canto Mexico","Raúl González Mexico","Maurizio Damilano Italy","20 kilometres race walk","men"
"1988 Seouldetails","Jozef Pribilinec Czechoslovakia","Ronald Weigel East Germany","Maurizio Damilano Italy","20 kilometres race walk","men"
"1992 Barcelonadetails","Daniel Plaza Spain","Guillaume LeBlanc Canada","Giovanni De Benedictis Italy","20 kilometres race walk","men"
"1996 Atlantadetails","Jefferson Pérez Ecuador","Ilya Markov Russia","Bernardo Segura Mexico","20 kilometres race walk","men"
"2000 Sydneydetails","Robert Korzeniowski Poland","Noé Hernández Mexico","Vladimir Andreyev Russia","20 kilometres race walk","men"
"2004 Athensdetails","Ivano Brugnetti Italy","Paquillo Fernández Spain","Nathan Deakes Australia","20 kilometres race walk","men"
"2008 Beijingdetails","Valeriy Borchin Russia","Jefferson Pérez Ecuador","Jared Tallent Australia","20 kilometres race walk","men"
"2012 Londondetails","Chen Ding China","Erick Barrondo Guatemala","Wang Zhen China","20 kilometres race walk","men"
"2016 Rio de Janeirodetails","Wang Zhen China","Cai Zelin China","Dane Bird-Smith Australia","20 kilometres race walk","men"
"1932 Los Angelesdetails","Tommy Green Great Britain","Janis Dalinš Latvia","Ugo Frigerio Italy","50 kilometres race walk","men"
"1936 Berlindetails","Harold Whitlock Great Britain","Arthur Tell Schwab Switzerland","Adalberts Bubenko Latvia","50 kilometres race walk","men"
"1948 Londondetails","John Ljunggren Sweden","Gaston Godel Switzerland","Tebbs Lloyd Johnson Great Britain","50 kilometres race walk","men"
"1952 Helsinkidetails","Pino Dordoni Italy","Josef Doležal Czechoslovakia","Antal Róka Hungary","50 kilometres race walk","men"
"1956 Melbournedetails","Norman Read New Zealand","Yevgeniy Maskinskov Soviet Union","John Ljunggren Sweden","50 kilometres race walk","men"
"1960 Romedetails","Don Thompson Great Britain","John Ljunggren Sweden","Abdon Pamich Italy","50 kilometres race walk","men"
"1964 Tokyodetails","Abdon Pamich Italy","Paul Nihill Great Britain","Ingvar Pettersson Sweden","50 kilometres race walk","men"
"1968 Mexico Citydetails","Christoph Höhne East Germany","Antal Kiss Hungary","Larry Young United States","50 kilometres race walk","men"
"1972 Munichdetails","Bernd Kannenberg West Germany","Veniamin Soldatenko Soviet Union","Larry Young United States","50 kilometres race walk","men"
"1976 Montreal","not included in the Olympic program",NA,NA,"50 kilometres race walk","men"
"1980 Moscowdetails","Hartwig Gauder East Germany","Jordi Llopart Spain","Yevgeniy Ivchenko Soviet Union","50 kilometres race walk","men"
"1984 Los Angelesdetails","Raúl González Mexico","Bo Gustafsson Sweden","Sandro Bellucci Italy","50 kilometres race walk","men"
"1988 Seouldetails","Vyacheslav Ivanenko Soviet Union","Ronald Weigel East Germany","Hartwig Gauder East Germany","50 kilometres race walk","men"
"1992 Barcelonadetails","Andrey Perlov Unified Team","Carlos Mercenario Mexico","Ronald Weigel Germany","50 kilometres race walk","men"
"1996 Atlantadetails","Robert Korzeniowski Poland","Mikhail Shchennikov Russia","Valentí Massana Spain","50 kilometres race walk","men"
"2000 Sydneydetails","Robert Korzeniowski Poland","Aigars Fadejevs Latvia","Joel Sánchez Mexico","50 kilometres race walk","men"
"2004 Athensdetails","Robert Korzeniowski Poland","Denis Nizhegorodov Russia","Aleksey Voyevodin Russia","50 kilometres race walk","men"
"2008 Beijingdetails","Alex Schwazer Italy","Jared Tallent Australia","Denis Nizhegorodov Russia","50 kilometres race walk","men"
"2012 Londondetails","Jared Tallent Australia","Si Tianfeng China","Robert Heffernan Ireland","50 kilometres race walk","men"
"2016 Rio de Janeirodetails","Matej Tóth Slovakia","Jared Tallent Australia","Hirooki Arai Japan","50 kilometres race walk","men"
"1896 Athensdetails","Ellery Harding Clark United States","James Connolly United States","none awarded","High jump","men"
"Robert Garrett United States",NA,NA,NA,"High jump","men"
"1900 Parisdetails","Irving Baxter United States","Patrick Leahy Great Britain","Lajos Gönczy Hungary","High jump","men"
"1904 St. Louisdetails","Samuel Jones United States","Garrett Serviss United States","Paul Weinstein Germany","High jump","men"
"1908 Londondetails","Harry Porter United States","Géo André France","none awarded","High jump","men"
"Con Leahy Great Britain",NA,NA,NA,"High jump","men"
"István Somodi Hungary",NA,NA,NA,"High jump","men"
"1912 Stockholmdetails","Alma Richards United States","Hans Liesche Germany","George Horine United States","High jump","men"
"1920 Antwerpdetails","Richmond Landon United States","Harold Muller United States","Bo Ekelund Sweden","High jump","men"
"1924 Parisdetails","Harold Osborn United States","Leroy Brown United States","Pierre Lewden France","High jump","men"
"1928 Amsterdamdetails","Bob King United States","Benjamin Hedges United States","Claude Ménard France","High jump","men"
"1932 Los Angelesdetails","Duncan McNaughton Canada","Bob Van Osdel United States","Simeon Toribio Philippines","High jump","men"
"1936 Berlindetails","Cornelius Johnson United States","Dave Albritton United States","Delos Thurber United States","High jump","men"
"1948 Londondetails","John Winter Australia","Bjørn Paulson Norway","George Stanich United States","High jump","men"
"1952 Helsinkidetails","Walt Davis United States","Ken Wiesner United States","José da Conceição Brazil","High jump","men"
"1956 Melbournedetails","Charles Dumas United States","Chilla Porter Australia","Igor Kashkarov Soviet Union","High jump","men"
"1960 Romedetails","Robert Shavlakadze Soviet Union","Valeriy Brumel Soviet Union","John Thomas United States","High jump","men"
"1964 Tokyodetails","Valeriy Brumel Soviet Union","John Thomas United States","John Rambo United States","High jump","men"
"1968 Mexico Citydetails","Dick Fosbury United States","Ed Caruthers United States","Valentin Gavrilov Soviet Union","High jump","men"
"1972 Munichdetails","Jüri Tarmak Soviet Union","Stefan Junge East Germany","Dwight Stones United States","High jump","men"
"1976 Montrealdetails","Jacek Wszola Poland","Greg Joy Canada","Dwight Stones United States","High jump","men"
"1980 Moscowdetails","Gerd Wessig East Germany","Jacek Wszola Poland","Jörg Freimuth East Germany","High jump","men"
"1984 Los Angelesdetails","Dietmar Mögenburg West Germany","Patrik Sjöberg Sweden","Zhu Jianhua China","High jump","men"
"1988 Seouldetails","Hennadiy Avdyeyenko Soviet Union","Hollis Conway United States","Rudolf Povarnitsyn Soviet Union","High jump","men"
"Patrik Sjöberg Sweden",NA,NA,NA,"High jump","men"
"1992 Barcelonadetails","Javier Sotomayor Cuba","Patrik Sjöberg Sweden","Hollis Conway United States","High jump","men"
"Tim Forsyth Australia",NA,NA,NA,"High jump","men"
"Artur Partyka Poland",NA,NA,NA,"High jump","men"
"1996 Atlantadetails","Charles Austin United States","Artur Partyka Poland","Steve Smith Great Britain","High jump","men"
"2000 Sydneydetails","Sergey Klyugin Russia","Javier Sotomayor Cuba","Abderahmane Hammad Algeria","High jump","men"
"2004 Athensdetails","Stefan Holm Sweden","Matt Hemingway United States","Jaroslav Bába Czech Republic","High jump","men"
"2008 Beijingdetails","Andrey Silnov Russia","Germaine Mason Great Britain","Yaroslav Rybakov Russia","High jump","men"
"2012 Londondetails","Not awarded","Erik Kynard United States","Mutaz Essa Barshim Qatar","High jump","men"
"Derek Drouin Canada",NA,NA,NA,"High jump","men"
"Robert Grabarz Great Britain",NA,NA,NA,"High jump","men"
"2016 Rio de Janeirodetails","Derek Drouin Canada","Mutaz Essa Barshim Qatar","Bohdan Bondarenko Ukraine","High jump","men"
"1896 Athensdetails","William Hoyt United States","Albert Tyler United States","Evangelos Damaskos Greece","Pole vault","men"
"Ioannis Theodoropoulos Greece",NA,NA,NA,"Pole vault","men"
"1900 Parisdetails","Irving Baxter United States","Meredith Colket United States","Carl Albert Andersen Norway","Pole vault","men"
"1904 St. Louisdetails","Charles Dvorak United States","LeRoy Samse United States","Louis Wilkins United States","Pole vault","men"
"1908 Londondetails","Edward Cook United States","none awarded","Edward Archibald Canada","Pole vault","men"
"Clare Jacobs United States",NA,NA,NA,"Pole vault","men"
"Alfred Gilbert United States",NA,NA,NA,"Pole vault","men"
"Bruno Söderström Sweden",NA,NA,NA,"Pole vault","men"
"1912 Stockholmdetails","Harry Babcock United States","Frank Nelson United States","William Halpenny Canada","Pole vault","men"
"Frank Murphy United States",NA,NA,NA,"Pole vault","men"
"Marc Wright United States",NA,NA,NA,"Pole vault","men"
"Bertil Uggla Sweden",NA,NA,NA,"Pole vault","men"
"1920 Antwerpdetails","Frank Foss United States","Henry Petersen Denmark","Edwin Myers United States","Pole vault","men"
"1924 Parisdetails","Lee Barnes United States","Glen Graham United States","James Brooker United States","Pole vault","men"
"1928 Amsterdamdetails","Sabin Carr United States","William Droegemueller United States","Charles McGinnis United States","Pole vault","men"
"1932 Los Angelesdetails","Bill Miller United States","Shuhei Nishida Japan","George Jefferson United States","Pole vault","men"
"1936 Berlindetails","Earle Meadows United States","Shuhei Nishida Japan","Sueo Oe Japan","Pole vault","men"
"1948 Londondetails","Guinn Smith United States","Erkki Kataja Finland","Bob Richards United States","Pole vault","men"
"1952 Helsinkidetails","Bob Richards United States","Don Laz United States","Ragnar Lundberg Sweden","Pole vault","men"
"1956 Melbournedetails","Bob Richards United States","Bob Gutowski United States","Georgios Roubanis Greece","Pole vault","men"
"1960 Romedetails","Don Bragg United States","Ron Morris United States","Eeles Landström Finland","Pole vault","men"
"1964 Tokyodetails","Fred Hansen United States","Wolfgang Reinhardt United Team of Germany","Klaus Lehnertz United Team of Germany","Pole vault","men"
"1968 Mexico Citydetails","Bob Seagren United States","Claus Schiprowski West Germany","Wolfgang Nordwig East Germany","Pole vault","men"
"1972 Munichdetails","Wolfgang Nordwig East Germany","Bob Seagren United States","Jan Johnson United States","Pole vault","men"
"1976 Montrealdetails","Tadeusz Slusarski Poland","Antti Kalliomäki Finland","David Roberts United States","Pole vault","men"
"1980 Moscowdetails","Wladyslaw Kozakiewicz Poland","Tadeusz Slusarski Poland","none awarded","Pole vault","men"
"Konstantin Volkov Soviet Union",NA,NA,NA,"Pole vault","men"
"1984 Los Angelesdetails","Pierre Quinon France","Mike Tully United States","Earl Bell United States","Pole vault","men"
"Thierry Vigneron France",NA,NA,NA,"Pole vault","men"
"1988 Seouldetails","Sergey Bubka Soviet Union","Radion Gataullin Soviet Union","Grigoriy Yegorov Soviet Union","Pole vault","men"
"1992 Barcelonadetails","Maksim Tarasov Unified Team","Igor Trandenkov Unified Team","Javier García Spain","Pole vault","men"
"1996 Atlantadetails","Jean Galfione France","Igor Trandenkov Russia","Andrei Tivontchik Germany","Pole vault","men"
"2000 Sydneydetails","Nick Hysong United States","Lawrence Johnson United States","Maksim Tarasov Russia","Pole vault","men"
"2004 Athensdetails","Timothy Mack United States","Toby Stevenson United States","Giuseppe Gibilisco Italy","Pole vault","men"
"2008 Beijingdetails","Steve Hooker Australia","Yevgeny Lukyanenko Russia","Derek Miles United States","Pole vault","men"
"2012 Londondetails","Renaud Lavillenie France","Björn Otto Germany","Raphael Holzdeppe Germany","Pole vault","men"
"2016 Rio de Janeirodetails","Thiago Braz da Silva Brazil","Renaud Lavillenie France","Sam Kendricks United States","Pole vault","men"
"1896 Athensdetails","Ellery Clark United States","Robert Garrett United States","James Connolly United States","Long jump","men"
"1900 Parisdetails","Alvin Kraenzlein United States","Myer Prinstein United States","Patrick Leahy Great Britain","Long jump","men"
"1904 St. Louisdetails","Myer Prinstein United States","Daniel Frank United States","Robert Stangland United States","Long jump","men"
"1908 Londondetails","Frank Irons United States","Daniel Kelly United States","Calvin Bricker Canada","Long jump","men"
"1912 Stockholmdetails","Albert Gutterson United States","Calvin Bricker Canada","Georg Åberg Sweden","Long jump","men"
"1920 Antwerpdetails","William Petersson Sweden","Carl Johnson United States","Erik Abrahamsson Sweden","Long jump","men"
"1924 Parisdetails","DeHart Hubbard United States","Edward Gourdin United States","Sverre Hansen Norway","Long jump","men"
"1928 Amsterdamdetails","Ed Hamm United States","Silvio Cator Haiti","Al Bates United States","Long jump","men"
"1932 Los Angelesdetails","Ed Gordon United States","Lambert Redd United States","Chuhei Nambu Japan","Long jump","men"
"1936 Berlindetails","Jesse Owens United States","Luz Long Germany","Naoto Tajima Japan","Long jump","men"
"1948 Londondetails","Willie Steele United States","Bill Bruce Australia","Herb Douglas United States","Long jump","men"
"1952 Helsinkidetails","Jerome Biffle United States","Meredith Gourdine United States","Ödön Földessy Hungary","Long jump","men"
"1956 Melbournedetails","Gregory Bell United States","John Bennett United States","Jorma Valkama Finland","Long jump","men"
"1960 Romedetails","Ralph Boston United States","Bo Roberson United States","Igor Ter-Ovanesyan Soviet Union","Long jump","men"
"1964 Tokyodetails","Lynn Davies Great Britain","Ralph Boston United States","Igor Ter-Ovanesyan Soviet Union","Long jump","men"
"1968 Mexico Citydetails","Bob Beamon United States","Klaus Beer East Germany","Ralph Boston United States","Long jump","men"
"1972 Munichdetails","Randy Williams United States","Hans Baumgartner West Germany","Arnie Robinson United States","Long jump","men"
"1976 Montrealdetails","Arnie Robinson United States","Randy Williams United States","Frank Wartenberg East Germany","Long jump","men"
"1980 Moscowdetails","Lutz Dombrowski East Germany","Frank Paschek East Germany","Valeriy Pidluzhnyy Soviet Union","Long jump","men"
"1984 Los Angelesdetails","Carl Lewis United States","Gary Honey Australia","Giovanni Evangelisti Italy","Long jump","men"
"1988 Seouldetails","Carl Lewis United States","Mike Powell United States","Larry Myricks United States","Long jump","men"
"1992 Barcelonadetails","Carl Lewis United States","Mike Powell United States","Joe Greene United States","Long jump","men"
"1996 Atlantadetails","Carl Lewis United States","James Beckford Jamaica","Joe Greene United States","Long jump","men"
"2000 Sydneydetails","Iván Pedroso Cuba","Jai Taurima Australia","Roman Shchurenko Ukraine","Long jump","men"
"2004 Athensdetails","Dwight Phillips United States","John Moffitt United States","Joan Lino Martínez Spain","Long jump","men"
"2008 Beijingdetails","Irving Saladino Panama","Godfrey Khotso Mokoena South Africa","Ibrahim Camejo Cuba","Long jump","men"
"2012 Londondetails","Greg Rutherford Great Britain","Mitchell Watt Australia","Will Claye United States","Long jump","men"
"2016 Rio de Janeirodetails","Jeff Henderson United States","Luvo Manyonga South Africa","Greg Rutherford Great Britain","Long jump","men"
"1896 Athensdetails","James Connolly United States","Alexandre Tuffère France","Ioannis Persakis Greece","Triple jump","men"
"1900 Parisdetails","Myer Prinstein United States","James Connolly United States","Lewis Sheldon United States","Triple jump","men"
"1904 St. Louisdetails","Myer Prinstein United States","Fred Englehardt United States","Robert Stangland United States","Triple jump","men"
"1908 Londondetails","Tim Ahearne Great Britain","Garfield MacDonald Canada","Edvard Larsen Norway","Triple jump","men"
"1912 Stockholmdetails","Gustaf Lindblom Sweden","Georg Åberg Sweden","Erik Almlöf Sweden","Triple jump","men"
"1920 Antwerpdetails","Vilho Tuulos Finland","Folke Jansson Sweden","Erik Almlöf Sweden","Triple jump","men"
"1924 Parisdetails","Nick Winter Australia","Luis Brunetto Argentina","Vilho Tuulos Finland","Triple jump","men"
"1928 Amsterdamdetails","Mikio Oda Japan","Levi Casey United States","Vilho Tuulos Finland","Triple jump","men"
"1932 Los Angelesdetails","Chuhei Nambu Japan","Erik Svensson Sweden","Kenkichi Oshima Japan","Triple jump","men"
"1936 Berlindetails","Naoto Tajima Japan","Masao Harada Japan","Jack Metcalfe Australia","Triple jump","men"
"1948 Londondetails","Arne Åhman Sweden","George Avery Australia","Ruhi Sarialp Turkey","Triple jump","men"
"1952 Helsinkidetails","Adhemar da Silva Brazil","Leonid Shcherbakov Soviet Union","Asnoldo Devonish Venezuela","Triple jump","men"
"1956 Melbournedetails","Adhemar da Silva Brazil","Vilhjálmur Einarsson Iceland","Vitold Kreyer Soviet Union","Triple jump","men"
"1960 Romedetails","Józef Szmidt Poland","Vladimir Goryaev Soviet Union","Vitold Kreyer Soviet Union","Triple jump","men"
"1964 Tokyodetails","Józef Szmidt Poland","Oleg Fyodoseyev Soviet Union","Viktor Kravchenko Soviet Union","Triple jump","men"
"1968 Mexico Citydetails","Viktor Saneyev Soviet Union","Nelson Prudencio Brazil","Giuseppe Gentile Italy","Triple jump","men"
"1972 Munichdetails","Viktor Saneyev Soviet Union","Jörg Drehmel East Germany","Nelson Prudencio Brazil","Triple jump","men"
"1976 Montrealdetails","Viktor Saneyev Soviet Union","James Butts United States","João Carlos de Oliveira Brazil","Triple jump","men"
"1980 Moscowdetails","Jaak Uudmäe Soviet Union","Viktor Saneyev Soviet Union","João Carlos de Oliveira Brazil","Triple jump","men"
"1984 Los Angelesdetails","Al Joyner United States","Mike Conley Sr. United States","Keith Connor Great Britain","Triple jump","men"
"1988 Seouldetails","Khristo Markov Bulgaria","Igor Lapshin Soviet Union","Aleksandr Kovalenko Soviet Union","Triple jump","men"
"1992 Barcelonadetails","Mike Conley Sr. United States","Charles Simpkins United States","Frank Rutherford Bahamas","Triple jump","men"
"1996 Atlantadetails","Kenny Harrison United States","Jonathan Edwards Great Britain","Yoelbi Quesada Cuba","Triple jump","men"
"2000 Sydneydetails","Jonathan Edwards Great Britain","Yoel García Cuba","Denis Kapustin Russia","Triple jump","men"
"2004 Athensdetails","Christian Olsson Sweden","Marian Oprea Romania","Danil Burkenya Russia","Triple jump","men"
"2008 Beijingdetails","Nelson Évora Portugal","Phillips Idowu Great Britain","Leevan Sands Bahamas","Triple jump","men"
"2012 Londondetails","Christian Taylor United States","Will Claye United States","Fabrizio Donato Italy","Triple jump","men"
"2016 Rio de Janeirodetails","Christian Taylor United States","Will Claye United States","Dong Bin China","Triple jump","men"
"1896 Athensdetails","Robert Garrett United States","Miltiadis Gouskos Greece","Georgios Papasideris Greece","Shot put","men"
"1900 Parisdetails","Richard Sheldon United States","Josiah McCracken United States","Robert Garrett United States","Shot put","men"
"1904 St. Louisdetails","Ralph Rose United States","Wesley Coe United States","Lawrence Feuerbach United States","Shot put","men"
"1908 Londondetails","Ralph Rose United States","Denis Horgan Great Britain","John Garrels United States","Shot put","men"
"1912 Stockholmdetails","Pat McDonald United States","Ralph Rose United States","Lawrence Whitney United States","Shot put","men"
"1920 Antwerpdetails","Ville Pörhölä Finland","Elmer Niklander Finland","Harry Liversedge United States","Shot put","men"
"1924 Parisdetails","Bud Houser United States","Glenn Hartranft United States","Ralph Hills United States","Shot put","men"
"1928 Amsterdamdetails","John Kuck United States","Herman Brix United States","Emil Hirschfeld Germany","Shot put","men"
"1932 Los Angelesdetails","Leo Sexton United States","Harlow Rothert United States","František Douda Czechoslovakia","Shot put","men"
"1936 Berlindetails","Hans Woellke Germany","Sulo Bärlund Finland","Gerhard Stöck Germany","Shot put","men"
"1948 Londondetails","Wilbur Thompson United States","Jim Delaney United States","Jim Fuchs United States","Shot put","men"
"1952 Helsinkidetails","Parry O'Brien United States","Darrow Hooper United States","Jim Fuchs United States","Shot put","men"
"1956 Melbournedetails","Parry O'Brien United States","Bill Nieder United States","Jirí Skobla Czechoslovakia","Shot put","men"
"1960 Romedetails","Bill Nieder United States","Parry O'Brien United States","Dallas Long United States","Shot put","men"
"1964 Tokyodetails","Dallas Long United States","Randy Matson United States","Vilmos Varjú Hungary","Shot put","men"
"1968 Mexico Citydetails","Randy Matson United States","George Woods United States","Eduard Gushchin Soviet Union","Shot put","men"
"1972 Munichdetails","Wladyslaw Komar Poland","George Woods United States","Hartmut Briesenick East Germany","Shot put","men"
"1976 Montrealdetails","Udo Beyer East Germany","Yevgeniy Mironov Soviet Union","Aleksandr Baryshnikov Soviet Union","Shot put","men"
"1980 Moscowdetails","Vladimir Kiselyov Soviet Union","Aleksandr Baryshnikov Soviet Union","Udo Beyer East Germany","Shot put","men"
"1984 Los Angelesdetails","Alessandro Andrei Italy","Mike Carter United States","Dave Laut United States","Shot put","men"
"1988 Seouldetails","Ulf Timmermann East Germany","Randy Barnes United States","Werner Günthör Switzerland","Shot put","men"
"1992 Barcelonadetails","Mike Stulce United States","Jim Doehring United States","Vyacheslav Lykho Unified Team","Shot put","men"
"1996 Atlantadetails","Randy Barnes United States","John Godina United States","Oleksandr Bagach Ukraine","Shot put","men"
"2000 Sydneydetails","Arsi Harju Finland","Adam Nelson United States","John Godina United States","Shot put","men"
"2004 Athensdetails","Adam Nelson United States","Joachim Olsen Denmark","Manuel Martínez Spain","Shot put","men"
"2008 Beijingdetails","Tomasz Majewski Poland","Christian Cantwell United States","Dylan Armstrong Canada","Shot put","men"
"2012 Londondetails","Tomasz Majewski Poland","David Storl Germany","Reese Hoffa United States","Shot put","men"
"2016 Rio de Janeirodetails","Ryan Crouser United States","Joe Kovacs United States","Tomas Walsh New Zealand","Shot put","men"
"1896 Athensdetails","Robert Garrett United States","Panagiotis Paraskevopoulos Greece","Sotirios Versis Greece","Discus throw","men"
"1900 Parisdetails","Rudolf Bauer Hungary","František Janda-Suk Bohemia","Richard Sheldon United States","Discus throw","men"
"1904 St. Louisdetails","Martin Sheridan United States","Ralph Rose United States","Nikolaos Georgantas Greece","Discus throw","men"
"1908 Londondetails","Martin Sheridan United States","Merritt Giffin United States","Bill Horr United States","Discus throw","men"
"1912 Stockholmdetails","Armas Taipale Finland","Richard Byrd United States","James Duncan United States","Discus throw","men"
"1920 Antwerpdetails","Elmer Niklander Finland","Armas Taipale Finland","Gus Pope United States","Discus throw","men"
"1924 Parisdetails","Bud Houser United States","Vilho Niittymaa Finland","Thomas Lieb United States","Discus throw","men"
"1928 Amsterdamdetails","Bud Houser United States","Antero Kivi Finland","James Corson United States","Discus throw","men"
"1932 Los Angelesdetails","John Anderson United States","Henri LaBorde United States","Paul Winter France","Discus throw","men"
"1936 Berlindetails","Ken Carpenter United States","Gordon Dunn United States","Giorgio Oberweger Italy","Discus throw","men"
"1948 Londondetails","Adolfo Consolini Italy","Giuseppe Tosi Italy","Fortune Gordien United States","Discus throw","men"
"1952 Helsinkidetails","Sim Iness United States","Adolfo Consolini Italy","James Dillion United States","Discus throw","men"
"1956 Melbournedetails","Al Oerter United States","Fortune Gordien United States","Des Koch United States","Discus throw","men"
"1960 Romedetails","Al Oerter United States","Rink Babka United States","Dick Cochran United States","Discus throw","men"
"1964 Tokyodetails","Al Oerter United States","Ludvík Danek Czechoslovakia","Dave Weill United States","Discus throw","men"
"1968 Mexico Citydetails","Al Oerter United States","Lothar Milde East Germany","Ludvík Danek Czechoslovakia","Discus throw","men"
"1972 Munichdetails","Ludvík Danek Czechoslovakia","Jay Silvester United States","Ricky Bruch Sweden","Discus throw","men"
"1976 Montrealdetails","Mac Wilkins United States","Wolfgang Schmidt East Germany","John Powell United States","Discus throw","men"
"1980 Moscowdetails","Viktor Rashchupkin Soviet Union","Imrich Bugár Czechoslovakia","Luis Delís Cuba","Discus throw","men"
"1984 Los Angelesdetails","Rolf Danneberg West Germany","Mac Wilkins United States","John Powell United States","Discus throw","men"
"1988 Seouldetails","Jürgen Schult East Germany","Romas Ubartas Soviet Union","Rolf Danneberg West Germany","Discus throw","men"
"1992 Barcelonadetails","Romas Ubartas Lithuania","Jürgen Schult Germany","Roberto Moya Cuba","Discus throw","men"
"1996 Atlantadetails","Lars Riedel Germany","Vladimir Dubrovshchik Belarus","Vasiliy Kaptyukh Belarus","Discus throw","men"
"2000 Sydneydetails","Virgilijus Alekna Lithuania","Lars Riedel Germany","Frantz Kruger South Africa","Discus throw","men"
"2004 Athensdetails","Virgilijus Alekna Lithuania","Zoltán Kovágó Hungary","Aleksander Tammert Estonia","Discus throw","men"
"2008 Beijingdetails","Gerd Kanter Estonia","Piotr Malachowski Poland","Virgilijus Alekna Lithuania","Discus throw","men"
"2012 Londondetails","Robert Harting Germany","Ehsan Haddadi Iran","Gerd Kanter Estonia","Discus throw","men"
"2016 Rio de Janeirodetails","Christoph Harting Germany","Piotr Malachowski Poland","Daniel Jasinski Germany","Discus throw","men"
"1900 Parisdetails","John Flanagan United States","Truxtun Hare United States","Josiah McCracken United States","Hammer throw","men"
"1904 St. Louisdetails","John Flanagan United States","John DeWitt United States","Ralph Rose United States","Hammer throw","men"
"1908 Londondetails","John Flanagan United States","Matt McGrath United States","Con Walsh Canada","Hammer throw","men"
"1912 Stockholmdetails","Matt McGrath United States","Duncan Gillis Canada","Clarence Childs United States","Hammer throw","men"
"1920 Antwerpdetails","Patrick Ryan United States","Carl Johan Lind Sweden","Basil Bennett United States","Hammer throw","men"
"1924 Parisdetails","Fred Tootell United States","Matt McGrath United States","Malcolm Nokes Great Britain","Hammer throw","men"
"1928 Amsterdamdetails","Pat O'Callaghan Ireland","Ossian Skiöld Sweden","Edmund Black United States","Hammer throw","men"
"1932 Los Angelesdetails","Pat O'Callaghan Ireland","Ville Pörhölä Finland","Peter Zaremba United States","Hammer throw","men"
"1936 Berlindetails","Karl Hein Germany","Erwin Blask Germany","Fred Warngård Sweden","Hammer throw","men"
"1948 Londondetails","Imre Németh Hungary","Ivan Gubijan Yugoslavia","Robert Bennett United States","Hammer throw","men"
"1952 Helsinkidetails","József Csermák Hungary","Karl Storch Germany","Imre Németh Hungary","Hammer throw","men"
"1956 Melbournedetails","Hal Connolly United States","Mikhail Krivonosov Soviet Union","Anatoliy Samotsvetov Soviet Union","Hammer throw","men"
"1960 Romedetails","Vasily Rudenkov Soviet Union","Gyula Zsivótzky Hungary","Tadeusz Rut Poland","Hammer throw","men"
"1964 Tokyodetails","Romuald Klim Soviet Union","Gyula Zsivótzky Hungary","Uwe Beyer United Team of Germany","Hammer throw","men"
"1968 Mexico Citydetails","Gyula Zsivótzky Hungary","Romuald Klim Soviet Union","Lázár Lovász Hungary","Hammer throw","men"
"1972 Munichdetails","Anatoliy Bondarchuk Soviet Union","Jochen Sachse East Germany","Vasiliy Khmelevskiy Soviet Union","Hammer throw","men"
"1976 Montrealdetails","Yuriy Sedykh Soviet Union","Aleksey Spiridonov Soviet Union","Anatoliy Bondarchuk Soviet Union","Hammer throw","men"
"1980 Moscowdetails","Yuriy Sedykh Soviet Union","Sergey Litvinov Soviet Union","Jüri Tamm Soviet Union","Hammer throw","men"
"1984 Los Angelesdetails","Juha Tiainen Finland","Karl-Hans Riehm West Germany","Klaus Ploghaus West Germany","Hammer throw","men"
"1988 Seouldetails","Sergey Litvinov Soviet Union","Yuriy Sedykh Soviet Union","Jüri Tamm Soviet Union","Hammer throw","men"
"1992 Barcelonadetails","Andrey Abduvaliyev Unified Team","Igor Astapkovich Unified Team","Igor Nikulin Unified Team","Hammer throw","men"
"1996 Atlantadetails","Balázs Kiss Hungary","Lance Deal United States","Oleksandr Krykun Ukraine","Hammer throw","men"
"2000 Sydneydetails","Szymon Ziólkowski Poland","Nicola Vizzoni Italy","Igor Astapkovich Belarus","Hammer throw","men"
"2004 Athensdetails","Koji Murofushi Japan","Not awarded[4]","Esref Apak Turkey","Hammer throw","men"
"2008 Beijingdetails","Primož Kozmus Slovenia","Vadim Devyatovskiy Belarus[5]","Ivan Tsikhan Belarus[5]","Hammer throw","men"
"2012 Londondetails","Krisztián Pars Hungary","Primož Kozmus Slovenia","Koji Murofushi Japan","Hammer throw","men"
"2016 Rio de Janeirodetails","Dilshod Nazarov Tajikistan","Ivan Tsikhan Belarus","Wojciech Nowicki Poland","Hammer throw","men"
"1908 Londondetails","Eric Lemming Sweden","Arne Halse Norway","Otto Nilsson Sweden","Javelin throw","men"
"1912 Stockholmdetails","Eric Lemming Sweden","Julius Saaristo Finland","Mór Kóczán Hungary","Javelin throw","men"
"1920 Antwerpdetails","Jonni Myyrä Finland","Urho Peltonen Finland","Pekka Johansson Finland","Javelin throw","men"
"1924 Parisdetails","Jonni Myyrä Finland","Gunnar Lindström Sweden","Eugene Oberst United States","Javelin throw","men"
"1928 Amsterdamdetails","Erik Lundqvist Sweden","Béla Szepes Hungary","Olav Sunde Norway","Javelin throw","men"
"1932 Los Angelesdetails","Matti Järvinen Finland","Matti Sippala Finland","Eino Penttilä Finland","Javelin throw","men"
"1936 Berlindetails","Gerhard Stöck Germany","Yrjö Nikkanen Finland","Kalervo Toivonen Finland","Javelin throw","men"
"1948 Londondetails","Tapio Rautavaara Finland","Steve Seymour United States","József Várszegi Hungary","Javelin throw","men"
"1952 Helsinkidetails","Cy Young United States","Bill Miller United States","Toivo Hyytiäinen Finland","Javelin throw","men"
"1956 Melbournedetails","Egil Danielsen Norway","Janusz Sidlo Poland","Viktor Tsybulenko Soviet Union","Javelin throw","men"
"1960 Romedetails","Viktor Tsybulenko Soviet Union","Walter Krüger United Team of Germany","Gergely Kulcsár Hungary","Javelin throw","men"
"1964 Tokyodetails","Pauli Nevala Finland","Gergely Kulcsár Hungary","Janis Lusis Soviet Union","Javelin throw","men"
"1968 Mexico Citydetails","Janis Lusis Soviet Union","Jorma Kinnunen Finland","Gergely Kulcsár Hungary","Javelin throw","men"
"1972 Munichdetails","Klaus Wolfermann West Germany","Janis Lusis Soviet Union","Bill Schmidt United States","Javelin throw","men"
"1976 Montrealdetails","Miklós Németh Hungary","Hannu Siitonen Finland","Gheorghe Megelea Romania","Javelin throw","men"
"1980 Moscowdetails","Dainis Kula Soviet Union","Aleksandr Makarov Soviet Union","Wolfgang Hanisch East Germany","Javelin throw","men"
"1984 Los Angelesdetails","Arto Härkönen Finland","David Ottley Great Britain","Kenth Eldebrink Sweden","Javelin throw","men"
"1988 Seouldetails","Tapio Korjus Finland","Jan Železný Czechoslovakia","Seppo Räty Finland","Javelin throw","men"
"1992 Barcelonadetails","Jan Železný Czechoslovakia","Seppo Räty Finland","Steve Backley Great Britain","Javelin throw","men"
"1996 Atlantadetails","Jan Železný Czech Republic","Steve Backley Great Britain","Seppo Räty Finland","Javelin throw","men"
"2000 Sydneydetails","Jan Železný Czech Republic","Steve Backley Great Britain","Sergey Makarov Russia","Javelin throw","men"
"2004 Athensdetails","Andreas Thorkildsen Norway","Vadims Vasilevskis Latvia","Sergey Makarov Russia","Javelin throw","men"
"2008 Beijingdetails","Andreas Thorkildsen Norway","Ainars Kovals Latvia","Tero Pitkämäki Finland","Javelin throw","men"
"2012 Londondetails","Keshorn Walcott Trinidad and Tobago","Antti Ruuskanen Finland","Vítezslav Veselý Czech Republic","Javelin throw","men"
"2016 Rio de Janeirodetails","Thomas Röhler Germany","Julius Yego Kenya","Keshorn Walcott Trinidad and Tobago","Javelin throw","men"
"1912 Stockholmdetails","Jim Thorpe United States","Charles Lomberg Sweden","Gösta Holmér Sweden","Decathlon","men"
"Hugo Wieslander Sweden",NA,NA,NA,"Decathlon","men"
"1920 Antwerpdetails","Helge Løvland Norway","Brutus Hamilton United States","Bertil Ohlson Sweden","Decathlon","men"
"1924 Parisdetails","Harold Osborn United States","Emerson Norton United States","Aleksander Klumberg Estonia","Decathlon","men"
"1928 Amsterdamdetails","Paavo Yrjölä Finland","Akilles Järvinen Finland","Ken Doherty United States","Decathlon","men"
"1932 Los Angelesdetails","Jim Bausch United States","Akilles Järvinen Finland","Wolrad Eberle Germany","Decathlon","men"
"1936 Berlindetails","Glenn Morris United States","Bob Clark United States","Jack Parker United States","Decathlon","men"
"1948 Londondetails","Bob Mathias United States","Ignace Heinrich France","Floyd Simmons United States","Decathlon","men"
"1952 Helsinkidetails","Bob Mathias United States","Milt Campbell United States","Floyd Simmons United States","Decathlon","men"
"1956 Melbournedetails","Milt Campbell United States","Rafer Johnson United States","Vasili Kuznetsov Soviet Union","Decathlon","men"
"1960 Romedetails","Rafer Johnson United States","Yang Chuan-kwang Republic of China","Vasili Kuznetsov Soviet Union","Decathlon","men"
"1964 Tokyodetails","Willi Holdorf United Team of Germany","Rein Aun Soviet Union","Hans-Joachim Walde United Team of Germany","Decathlon","men"
"1968 Mexico Citydetails","Bill Toomey United States","Hans-Joachim Walde West Germany","Kurt Bendlin West Germany","Decathlon","men"
"1972 Munichdetails","Mykola Avilov Soviet Union","Leonid Lytvynenko Soviet Union","Ryszard Katus Poland","Decathlon","men"
"1976 Montrealdetails","Bruce Jenner United States[a]","Guido Kratschmer West Germany","Mykola Avilov Soviet Union","Decathlon","men"
"1980 Moscowdetails","Daley Thompson Great Britain","Yuriy Kutsenko Soviet Union","Sergei Zhelanov Soviet Union","Decathlon","men"
"1984 Los Angelesdetails","Daley Thompson Great Britain","Jürgen Hingsen West Germany","Siegfried Wentz West Germany","Decathlon","men"
"1988 Seouldetails","Christian Schenk East Germany","Torsten Voss East Germany","Dave Steen Canada","Decathlon","men"
"1992 Barcelonadetails","Robert Zmelík Czechoslovakia","Antonio Peñalver Spain","Dave Johnson United States","Decathlon","men"
"1996 Atlantadetails","Dan O'Brien United States","Frank Busemann Germany","Tomáš Dvorák Czech Republic","Decathlon","men"
"2000 Sydneydetails","Erki Nool Estonia","Roman Šebrle Czech Republic","Chris Huffins United States","Decathlon","men"
"2004 Athensdetails","Roman Šebrle Czech Republic","Bryan Clay United States","Dmitriy Karpov Kazakhstan","Decathlon","men"
"2008 Beijingdetails","Bryan Clay United States","Andrei Krauchanka Belarus","Leonel Suárez Cuba","Decathlon","men"
"2012 Londondetails","Ashton Eaton United States","Trey Hardee United States","Leonel Suárez Cuba","Decathlon","men"
"2016 Rio De Janeirodetails","Ashton Eaton United States","Kevin Mayer France","Damian Warner Canada","Decathlon","men"
"1900 Parisdetails","Alvin Kraenzlein United States","Walter Tewksbury United States","Stan Rowley Australia","60 metres","men"
"1904 St. Louisdetails","Archie Hahn United States","William Hogenson United States","Fay Moulton United States","60 metres","men"
"1908 Londondetails","Emil Voigt Great Britain","Edward Owen Great Britain","John Svanberg Sweden","5 miles","men"
"1900 Parisdetails","Alvin Kraenzlein United States","Norman Pritchard India","Walter Tewksbury United States","200 metres hurdles","men"
"1904 St. Louisdetails","Harry Hillman United States","Frank Castleman United States","George Poage United States","200 metres hurdles","men"
"1900 Parisdetails","George Orton Canada","Sidney Robinson Great Britain","Jacques Chastanié France","2500 metres steeplechase","men"
"1904 St. Louisdetails","James Lightbody United States","John Daly Great Britain","Arthur Newton United States","2590 metres steeplechase","men"
"1908 Londondetails","Arthur Russell Great Britain","Archie Robertson Great Britain","John Eisele United States","3200 metres steeplechase","men"
"1900 Parisdetails","John Rimmer Great Britain","Charles Bennett Great Britain","Sidney Robinson Great Britain","4000 metres steeplechase","men"
"1908 Londondetails","United States (USA)William HamiltonNate CartmellJohn TaylorMel Sheppard","Germany (GER)Arthur HoffmannHans EickeOtto TrieloffHanns Braun","Hungary (HUN)Pál SimonFrigyes WiesnerJózsef NagyÖdön Bodor","1600 metres relay","men"
"1912 Stockholmdetails","United States (USA)Tell BernaGeorge BonhagAbel KiviatLouis ScottNorman Taber","Sweden (SWE)Bror FockNils FrykbergThorild OlssonErnst WideJohn Zander","Great Britain (GBR)Joe CottrillGeorge HutsonWilliam MooreEdward OwenCyril Porter","3000 metres team race","men"
"1920 Antwerpdetails","United States (USA)Horace BrownIvan DresserArlie Schardt","Great Britain (GBR)Joe BlewittAlbert HillWilliam Seagrove","Sweden (SWE)Eric BackmanSven LundgrenEdvin Wide","3000 metres team race","men"
"1924 Parisdetails","Finland (FIN)Elias KatzPaavo NurmiVille Ritola","Great Britain (GBR)Herbert JohnstonBertram MacdonaldGeorge Webber","United States (USA)William CoxEdward KirbyWillard Tibbetts","3000 metres team race","men"
"1900 Parisdetails","Mixed team (ZZX)Charles Bennett Great BritainJohn Rimmer Great BritainSidney Robinson Great BritainAlfred Tysoe Great BritainStan Rowley Australia","France (FRA)Henri DelogeGaston RagueneauJacques ChastaniéAndré CastanetMichel Champoudry","none awarded","5000 metres team race","men"
"1908 Londondetails","Great Britain (GBR)Joe DeakinArchie RobertsonWilliam Coales","United States (USA)John EiseleGeorge BonhagHerbert Trube","France (FRA)Louis de FleuracJoseph DreherPaul Lizandier","3-mile team race","men"
"1904 St. Louisdetails","United States (USA)Arthur NewtonGeorge UnderwoodPaul PilgrimHoward ValentineDavid Munson","Mixed team (ZZX)James Lightbody United StatesFrank Verner United StatesLacey Hearn United StatesAlbert Corey FranceSidney Hatch United States","none awarded","4-mile team race","men"
"1912 Stockholmdetails","Hannes Kolehmainen Finland","Hjalmar Andersson Sweden","John Eke Sweden","Cross country (individual)","men"
"1920 Antwerpdetails","Paavo Nurmi Finland","Eric Backman Sweden","Heikki Liimatainen Finland","Cross country (individual)","men"
"1924 Parisdetails","Paavo Nurmi Finland","Ville Ritola Finland","Earl Johnson United States","Cross country (individual)","men"
"1912 Stockholmdetails","Sweden (SWE)Hjalmar AnderssonJohn EkeJosef Ternström","Finland (FIN)Hannes KolehmainenJalmari EskolaAlbin Stenroos","Great Britain (GBR)Frederick HibbinsErnest GloverThomas Humphreys","Cross country (team)","men"
"1920 Antwerpdetails","Finland (FIN)Paavo NurmiHeikki LiimatainenTeodor Koskenniemi","Great Britain (GBR)James WilsonAnton HegartyAlfred Nichols","Sweden (SWE)Eric BackmanGustaf MattssonHilding Ekman","Cross country (team)","men"
"1924 Parisdetails","Finland (FIN)Paavo NurmiVille RitolaHeikki Liimatainen","United States (USA)Earl JohnsonArthur StudenrothAugust Fager","France (FRA)Henri LauvauxGaston HeuetMaurice Norland","Cross country (team)","men"
"1920 Antwerpdetails","Ugo Frigerio Italy","George Parker Australia","Richard Remer United States","3000 metres walk","men"
"1908 Londondetails","George Larner Great Britain","Ernest Webb Great Britain","Harry Kerr Australasia","3500 metres walk","men"
"1912 Stockholmdetails","George Goulding Canada","Ernest Webb Great Britain","Fernando Altimani Italy","10 kilometres walk","men"
"1920 Antwerpdetails","Ugo Frigerio Italy","Joseph Pearman United States","Charles Gunn Great Britain","10 kilometres walk","men"
"1924 Parisdetails","Ugo Frigerio Italy","Gordon Goodwin Great Britain","Cecil McMaster South Africa","10 kilometres walk","men"
"1928–1936","not included in the Olympic program",NA,NA,"10 kilometres walk","men"
"1948 Londondetails","John Mikaelsson Sweden","Ingemar Johansson Sweden","Fritz Schwab Switzerland","10 kilometres walk","men"
"1952 Helsinkidetails","John Mikaelsson Sweden","Fritz Schwab Switzerland","Bruno Junk Soviet Union","10 kilometres walk","men"
"1908 Londondetails","George Larner Great Britain","Ernest Webb Great Britain","Edward Spencer Great Britain","10 miles walk","men"
"1900 Parisdetails","Ray Ewry United States","Irving Baxter United States","Lewis Sheldon United States","Standing high jump","men"
"1904 St. Louisdetails","Ray Ewry United States","Joseph Stadler United States","Lawson Robertson United States","Standing high jump","men"
"1908 Londondetails","Ray Ewry United States","John Biller United StatesKonstantinos Tsiklitiras Greece","None awarded","Standing high jump","men"
"1912 Stockholmdetails","Platt Adams United States","Benjamin Adams United States","Konstantinos Tsiklitiras Greece","Standing high jump","men"
"1900 Parisdetails","Ray Ewry United States","Irving Baxter United States","Emile Torcheboeuf France","Standing long jump","men"
"1904 St. Louisdetails","Ray Ewry United States","Charles King United States","John Biller United States","Standing long jump","men"
"1908 Londondetails","Ray Ewry United States","Konstantinos Tsiklitiras Greece","Martin Sheridan United States","Standing long jump","men"
"1912 Stockholmdetails","Konstantinos Tsiklitiras Greece","Platt Adams United States","Benjamin Adams United States","Standing long jump","men"
"1900 Parisdetails","Ray Ewry (USA)","Irving Baxter (USA)","Robert Garrett (USA)","Standing triple jump","men"
"1904 St. Louisdetails","Ray Ewry (USA)","Charles King (USA)","Joseph Stadler (USA)","Standing triple jump","men"
"1912 Stockholmdetails","Ralph Rose United States","Pat McDonald United States","Elmer Niklander Finland","Shot put (two-handed)","men"
"1908 Londondetails","Martin Sheridan United States","Bill Horr United States","Verner Järvinen Finland","Discus throw (Greek style)","men"
"1912 Stockholmdetails","Armas Taipale Finland","Elmer Niklander Finland","Emil Magnusson Sweden","Discus throw (two-handed)","men"
"1904 St. Louisdetails","Étienne Desmarteau Canada","John Flanagan United States","James Mitchell United States","Weight throw","men"
"1908–1912","not included in the Olympic program",NA,NA,"Weight throw","men"
"1920 Antwerpdetails","Pat McDonald United States","Patrick Ryan United States","Carl Johan Lind Sweden","Weight throw","men"
"1908 Londondetails","Eric Lemming Sweden","Michalis Dorizas Greece","Arne Halse Norway","Javelin throw (freestyle)","men"
"1912 Stockholmdetails","Julius Saaristo (FIN)","Väinö Siikaniemi (FIN)","Urho Peltonen (FIN)","Javelin throw (two-handed)","men"
"1904 St. Louisdetails","Max Emmerich (USA)","John Grieb (USA)","William Merz (USA)","Triathlon","men"
"1912 Stockholmdetails","Ferdinand Bie Norway","James Donahue United States","Frank Lukeman Canada","Pentathlon","men"
"Jim Thorpe United States",NA,NA,NA,"Pentathlon","men"
"1920 Antwerpdetails","Eero Lehtonen Finland","Everett Bradley United States","Hugo Lahtinen Finland","Pentathlon","men"
"1924 Parisdetails","Eero Lehtonen Finland","Elemér Somfay Hungary","Robert LeGendre United States","Pentathlon","men"
